,GRADUATEYEAR,STUDENTID,CalculusforScience,FundamentalsOfProgramming,HistoryAndDevelopmentOfComputerTechnology,MathematicsForScience,ObjectOrientedProgramming,ThaiLanguageSkills,PoliticsEconomyandSociety,PhilosophyOfScience,ManAndEnvironment,LifeSkills,LanguageSocietyAndCulture,EnglishCriticalReadingForEffectiveCommunication,ComputerArchitecture,DataStructure,DatabaseSystems,DiscreteMathematicsForComputerScience,LinearAlgebraAndApplications,OperatingSystems,StatisticalAnalysis,EnglishWritingForEffectiveCommunication,AlgorithmDesignandAnalysis,ArtificialIntelligence,ComputerNetworkAndDataCommunication,SoftwareEngineering,DataMiningTechniques,MobileApplicationDevelopment,MultimediaAnd WebTechnology,SensingAndActuationForInternetOfThings,Seminar,SystemAnalysisAndDesign,GPAgraduate
0,2562,100205568,1.5,3.5,3.8410714285714285,2.5,1.0,2.5,2.0,2.5,3.6032608695652173,0.0,2.532258064516129,3.5,1.0,1.0,1.0,1.0,2.453405017921147,1.0,0.0,1.5,1.5,1.5,1.5,3.5,2.0,2.8112745098039214,2.773764258555133,2.9770408163265305,3.0,2.5,2.1
1,2562,100205606,1.0,3.5,3.8410714285714285,1.5,1.0,2.0,2.9541284403669725,2.5,3.6032608695652173,3.8441176470588236,2.532258064516129,1.5,2.0,1.5,0.0,3.5,2.453405017921147,2.0,1.0,1.5,2.0,2.5,1.0,1.5,2.0,2.5,2.0,2.9770408163265305,2.5,2.0,2.0
2,2564,100215265,0.0,3.0,3.8410714285714285,1.5,1.5,2.0,2.5,2.5,3.6032608695652173,3.8441176470588236,2.0,3.5,2.5,2.5,1.0,3.0,2.453405017921147,1.0,1.0,3.5,1.0,0.0,1.0,2.5,2.5232558139534884,2.0,2.773764258555133,2.9770408163265305,3.0,2.0,2.01
3,2562,100225543,0.0,2.5,3.8410714285714285,0.0,1.0,2.5,2.9541284403669725,2.5,3.6032608695652173,3.8441176470588236,2.5,2.5,1.5,1.5,2.0,1.5,2.453405017921147,2.0,0.0,2.5,2.0,1.0,1.5,1.5,2.5232558139534884,2.8112745098039214,2.0,2.9770408163265305,3.0,2.5,2.1
4,2565,100225544,0.0,2.5,3.8410714285714285,0.0,2.0,3.0,2.9541284403669725,2.5,3.6032608695652173,4.0,1.5,2.5,2.5,3.0,0.0,2.5,2.453405017921147,2.5,1.5,3.5,1.5,1.0,1.5,1.5,2.5232558139534884,1.5,2.0,2.9770408163265305,3.0,2.0,2.15
5,2562,100225553,0.0,1.5,3.8410714285714285,0.0,2.0,2.0,2.9541284403669725,2.5,3.6032608695652173,3.8441176470588236,2.5,0.0,1.5,2.0,2.5,2.0,2.453405017921147,2.5,2.0,2.5,1.0,1.0,1.5,1.5,2.5232558139534884,0.0,2.0,2.9770408163265305,3.0,3.5,2.0
6,2562,100225572,1.5,4.0,3.8410714285714285,1.0,4.0,3.5,2.9541284403669725,3.0,3.6032608695652173,3.8441176470588236,2.532258064516129,4.0,1.5,1.5,2.5,2.0,2.453405017921147,2.0,1.0,4.0,1.5,1.5,0.0,2.0,2.5,2.8112745098039214,2.0,2.9770408163265305,3.0,2.0,2.46
7,2562,100225580,1.5,2.5,3.8410714285714285,0.0,2.0,3.0,4.0,2.5,3.6032608695652173,3.8441176470588236,2.0,2.0,1.5,2.0,2.0,2.0,2.453405017921147,2.0,1.5,2.0,1.5,1.0,0.0,2.5,2.5,1.5,2.0,2.9770408163265305,2.5,2.5,2.08
8,2562,100239251,1.0,2.0,3.8410714285714285,1.5,1.0,3.0,2.9541284403669725,2.5,3.5,4.0,3.0,4.0,1.0,1.0,3.0,2.5,2.453405017921147,2.0,1.5,2.0,2.0,2.5,1.5,1.5,2.5,2.8112745098039214,2.5,2.9770408163265305,4.0,3.5,2.3
9,2562,100239272,2.5,3.0,3.8410714285714285,2.5,4.0,3.0,3.0,2.5,3.5,3.8441176470588236,2.0,4.0,4.0,3.0,4.0,3.5,2.453405017921147,3.5,2.5,2.0,4.0,4.0,3.0,3.5,4.0,4.0,2.5,2.9770408163265305,4.0,4.0,3.3
10,2562,100239306,1.0,2.5,3.8410714285714285,1.0,2.0,3.0,3.0,3.0,4.0,3.8441176470588236,3.0,3.5,2.5,1.0,3.0,2.5,2.453405017921147,2.0,1.5,2.0,2.0,1.5,2.0,2.5,2.5,2.5,2.5,2.9770408163265305,3.0,3.0,2.4
11,2563,100239308,0.0,2.0,3.8410714285714285,3.0,1.0,2.5,1.5,2.5,3.5,3.8441176470588236,2.5,3.5,1.0,2.5,2.5,1.0,2.453405017921147,2.0,0.0,2.0,1.0,1.5,1.0,1.0,2.5,2.0,2.5,2.9770408163265305,3.0,2.0,2.14
12,2562,100239321,1.0,2.0,3.8410714285714285,2.5,2.0,2.5,2.5,2.0,3.0,3.8441176470588236,2.0,4.0,2.5,1.5,2.5,3.5,2.453405017921147,2.0,4.0,2.0,2.0,0.0,2.0,1.5,2.0,2.5,2.5,2.9770408163265305,3.0,2.0,2.45
13,2563,100239325,0.0,2.5,3.8410714285714285,1.5,2.0,3.0,1.5,2.5,4.0,3.8441176470588236,1.5,2.0,1.0,1.0,2.0,2.0,2.453405017921147,2.0,1.0,2.0,2.0,2.0,1.5,1.5,3.0,2.8112745098039214,1.5,2.9770408163265305,3.5,2.5,2.01
14,2562,100239333,2.5,3.0,3.8410714285714285,3.5,3.5,2.5,2.9541284403669725,3.0,3.5,4.0,3.0,4.0,4.0,3.0,3.0,4.0,2.453405017921147,2.0,4.0,2.0,2.5,2.5,1.5,2.0,2.5,3.5,3.0,2.9770408163265305,3.5,2.5,2.88
15,2562,100239381,1.0,2.5,3.8410714285714285,1.5,2.0,3.0,2.9541284403669725,2.5,3.0,3.5,2.5,3.5,2.5,2.5,2.0,2.5,2.453405017921147,2.0,1.0,3.5,2.0,1.5,1.5,2.0,3.0,2.0,2.5,2.9770408163265305,2.5,3.0,2.27
16,2562,100239418,1.5,2.5,3.8410714285714285,1.5,2.0,3.5,2.5,3.0,4.0,3.8441176470588236,3.0,4.0,3.0,1.5,3.5,3.0,2.453405017921147,2.0,3.0,1.5,2.0,1.5,2.0,2.5,2.5,3.0,2.5,2.9770408163265305,4.0,3.0,2.64
17,2562,100239446,1.5,3.5,3.8410714285714285,1.5,2.5,3.5,2.9541284403669725,2.0,3.5,4.0,2.0,4.0,2.0,2.5,3.5,3.5,2.453405017921147,2.0,3.5,2.5,3.0,4.0,2.0,1.5,2.5,2.8112745098039214,2.0,2.9770408163265305,3.5,3.0,2.7
18,2562,100239462,2.0,2.5,3.8410714285714285,2.0,2.0,2.5,2.0,2.5,3.0,3.8441176470588236,2.5,4.0,1.5,1.0,1.5,2.5,2.453405017921147,2.0,2.0,2.5,1.5,2.0,1.0,1.5,1.5,2.8112745098039214,1.5,2.9770408163265305,3.0,2.0,2.18
19,2562,100239469,1.5,3.5,3.8410714285714285,1.5,2.0,2.5,2.9541284403669725,2.5,3.5,4.0,2.5,3.5,3.0,2.5,3.5,2.5,2.453405017921147,2.0,2.0,1.5,4.0,3.0,2.0,2.5,4.0,2.8112745098039214,3.0,2.9770408163265305,3.5,3.5,2.75
20,2563,100239473,2.5,2.5,3.8410714285714285,0.0,1.0,2.5,2.9541284403669725,2.5,3.0,3.0,2.5,2.5,1.5,1.0,1.5,1.5,2.453405017921147,2.0,1.0,2.0,1.0,1.0,1.0,1.5,1.5,2.8112745098039214,2.0,2.9770408163265305,2.5,2.0,2.0
21,2562,100239479,1.5,2.5,3.8410714285714285,2.0,2.0,3.0,3.5,2.5,3.5,3.8441176470588236,2.0,4.0,2.0,1.0,3.0,2.5,2.453405017921147,2.0,3.0,2.0,2.5,2.5,2.0,2.0,3.0,2.0,3.0,2.9770408163265305,2.5,4.0,2.49
22,2565,100239502,1.0,2.5,3.8410714285714285,0.0,0.0,3.0,2.9541284403669725,2.5,3.0,3.5,1.5,4.0,0.0,1.0,2.0,1.0,2.453405017921147,2.0,0.0,3.5,1.0,2.0,1.0,2.5,2.5232558139534884,2.0,1.5,2.9770408163265305,1.5,1.5,2.08
23,2563,100239505,0.0,3.0,3.8410714285714285,1.5,2.0,2.5,2.9541284403669725,2.5,3.0,4.0,2.0,4.0,3.0,1.5,3.5,2.0,2.453405017921147,2.0,2.0,2.0,2.0,2.5,2.0,1.0,2.5,3.0,3.5,2.9770408163265305,4.0,3.0,2.6
24,2562,100239535,1.0,2.5,3.8410714285714285,1.5,2.0,3.0,3.5,3.5,3.5,3.8441176470588236,1.5,4.0,2.5,1.5,3.0,3.0,2.453405017921147,2.0,1.0,2.0,1.5,1.0,2.0,2.5,3.0,3.0,3.0,2.9770408163265305,3.5,3.0,2.39
25,2562,100239556,0.0,4.0,3.8410714285714285,1.5,2.5,3.0,3.0,2.5,3.5,3.8441176470588236,3.0,3.0,1.5,2.0,2.5,2.0,2.453405017921147,2.5,1.5,2.5,2.0,3.5,2.0,3.0,3.5,3.5,2.0,2.9770408163265305,3.5,2.5,2.51
26,2562,100239593,0.0,4.0,3.8410714285714285,1.5,4.0,3.5,3.0,2.0,4.0,3.8441176470588236,2.5,4.0,3.5,4.0,3.0,3.5,2.453405017921147,2.5,1.5,2.5,0.0,1.0,0.0,1.5,2.0,3.5,3.5,2.9770408163265305,3.0,2.5,2.47
27,2562,100239596,1.5,3.5,3.8410714285714285,1.5,3.0,2.5,3.0,3.0,4.0,3.8441176470588236,2.0,3.0,2.0,1.5,3.0,2.5,2.453405017921147,2.5,3.5,2.0,2.5,3.5,1.5,2.0,2.5,2.8112745098039214,2.5,2.9770408163265305,3.0,3.0,2.59
28,2562,100239598,1.0,3.5,3.8410714285714285,1.5,3.0,3.0,2.9541284403669725,2.5,4.0,4.0,2.5,4.0,3.5,2.5,4.0,3.0,2.453405017921147,2.5,3.0,2.5,3.0,4.0,2.0,3.0,3.0,3.0,3.0,2.9770408163265305,3.5,4.0,3.07
29,2562,100239606,1.5,2.0,3.8410714285714285,0.0,1.0,3.0,2.9541284403669725,2.5,3.0,4.0,2.5,2.0,1.5,1.0,1.0,1.5,2.453405017921147,2.0,1.0,2.0,1.5,2.0,1.5,1.0,2.5,2.8112745098039214,2.5,2.9770408163265305,3.0,1.0,2.01
30,2562,100239620,1.5,3.0,3.8410714285714285,1.5,2.5,2.5,2.9541284403669725,2.5,3.5,4.0,3.0,4.0,1.5,2.5,4.0,2.5,2.453405017921147,2.5,2.5,2.0,2.0,3.0,2.0,2.0,3.5,3.0,2.5,2.9770408163265305,3.5,3.5,2.8
31,2562,100239626,0.0,3.5,3.8410714285714285,1.0,2.0,3.0,3.0,2.5,3.5,3.8441176470588236,2.0,2.0,1.5,1.5,3.0,3.0,2.453405017921147,2.0,2.0,1.0,2.0,2.5,1.5,1.5,3.0,2.8112745098039214,1.5,2.9770408163265305,3.5,3.5,2.27
32,2562,100239666,1.5,2.5,3.8410714285714285,1.5,2.0,3.0,3.0,2.0,3.5,3.8441176470588236,2.5,2.5,1.5,2.0,2.5,3.0,2.453405017921147,2.0,4.0,1.5,2.0,3.0,2.0,1.5,3.5,2.8112745098039214,2.0,2.9770408163265305,3.5,3.5,2.49
33,2562,100239667,2.0,4.0,3.8410714285714285,2.0,4.0,3.0,2.9541284403669725,2.5,3.5,3.5,2.5,3.5,1.5,1.0,3.0,2.0,2.453405017921147,2.0,1.5,2.0,2.5,3.0,2.0,1.5,2.5,3.5,3.0,2.9770408163265305,3.5,3.0,2.44
34,2562,100239668,2.0,2.5,3.8410714285714285,0.0,2.5,3.0,2.9541284403669725,2.5,3.5,4.0,2.5,4.0,1.5,1.0,3.0,2.0,2.453405017921147,2.0,1.5,2.5,2.0,2.0,2.0,2.0,3.0,3.5,2.5,2.9770408163265305,4.0,3.0,2.52
35,2562,100239684,4.0,2.5,3.8410714285714285,3.5,2.0,2.5,3.5,2.5,3.5,3.8441176470588236,2.5,3.5,2.0,1.5,3.5,3.5,2.453405017921147,2.0,2.5,2.0,2.5,3.0,2.0,1.5,2.5,2.8112745098039214,3.0,2.9770408163265305,4.0,3.0,2.67
36,2564,100239685,0.0,2.5,3.8410714285714285,1.0,2.0,3.5,2.9541284403669725,3.5,4.0,4.0,2.5,4.0,2.5,2.5,3.5,3.0,2.453405017921147,3.0,1.5,2.0,3.0,2.5,1.5,2.0,4.0,2.5,3.5,2.9770408163265305,2.5,3.5,2.82
37,2562,100239696,1.5,2.0,3.8410714285714285,1.0,1.0,3.0,2.0,2.5,2.5,3.8441176470588236,2.5,3.0,1.0,1.0,1.5,2.0,2.453405017921147,2.0,1.0,3.0,1.0,3.5,2.0,1.5,2.5,2.8112745098039214,2.5,2.9770408163265305,3.5,3.0,2.14
38,2562,100239699,1.5,4.0,3.8410714285714285,2.5,4.0,3.0,3.5,2.5,3.5,3.8441176470588236,2.5,4.0,4.0,1.5,4.0,3.5,2.453405017921147,2.0,3.0,2.5,3.0,3.0,2.0,3.5,2.5,4.0,2.0,2.9770408163265305,2.5,3.5,2.88
39,2562,100239728,1.5,2.5,3.8410714285714285,0.0,1.0,3.0,2.5,2.0,2.5,3.8441176470588236,2.5,3.5,1.0,1.0,2.0,1.5,2.453405017921147,2.0,1.5,3.0,2.0,2.0,2.0,1.5,2.5,2.8112745098039214,3.0,2.9770408163265305,3.0,3.0,2.31
40,2562,100239743,1.5,2.0,3.8410714285714285,1.5,1.0,2.5,2.5,2.5,3.5,3.8441176470588236,2.5,3.5,2.5,2.5,2.5,2.0,2.453405017921147,2.0,1.5,2.0,2.0,2.5,1.0,1.5,3.0,2.5,2.5,2.9770408163265305,4.0,2.0,2.18
41,2562,100239751,3.0,4.0,3.8410714285714285,3.0,4.0,3.5,2.9541284403669725,3.0,4.0,4.0,3.0,4.0,4.0,4.0,3.5,4.0,2.453405017921147,3.5,4.0,4.0,4.0,4.0,3.5,4.0,3.0,4.0,4.0,2.9770408163265305,4.0,4.0,3.79
42,2562,100239765,3.0,3.0,3.8410714285714285,4.0,3.5,3.5,2.9541284403669725,3.0,3.0,3.5,2.5,3.0,3.5,1.5,2.5,3.5,2.453405017921147,2.0,4.0,2.0,4.0,3.0,2.0,2.5,4.0,2.8112745098039214,3.5,2.9770408163265305,3.0,2.0,3.04
43,2562,100239799,2.5,3.5,3.8410714285714285,2.0,2.5,3.0,2.9541284403669725,2.5,4.0,4.0,2.0,2.0,2.5,2.0,4.0,3.0,2.453405017921147,2.0,3.5,1.0,2.0,3.0,2.0,1.5,2.0,2.5,2.5,2.9770408163265305,3.5,3.0,2.78
44,2562,100239815,1.5,2.5,3.8410714285714285,1.0,1.0,3.0,2.9541284403669725,2.5,3.5,4.0,3.0,3.5,1.0,1.0,3.5,2.0,2.453405017921147,2.0,2.0,2.0,2.0,3.5,2.0,3.5,2.5,3.0,2.0,2.9770408163265305,4.0,4.0,2.58
45,2563,100239827,0.0,1.5,3.8410714285714285,1.0,0.0,2.5,2.9541284403669725,2.0,3.0,3.0,2.5,1.5,1.5,1.0,0.0,2.0,2.453405017921147,2.0,0.0,3.5,1.5,1.0,1.0,1.0,2.5,2.8112745098039214,2.0,2.9770408163265305,2.5,1.5,2.0
46,2563,100239844,0.0,2.5,3.8410714285714285,0.0,1.0,3.0,2.9541284403669725,2.0,3.5,1.5,0.0,3.0,1.5,1.0,3.5,2.0,2.453405017921147,2.5,1.0,2.0,2.0,2.5,1.0,1.5,2.5,2.8112745098039214,2.0,2.9770408163265305,2.0,1.5,2.17
47,2562,100239854,1.5,2.5,3.8410714285714285,0.0,2.0,3.0,2.9541284403669725,2.5,3.0,2.5,2.5,3.5,1.5,1.5,2.5,2.5,2.453405017921147,2.0,1.5,3.0,2.0,2.0,2.0,2.5,2.5,2.5,2.5,2.9770408163265305,4.0,3.0,2.36
48,2562,100239887,4.0,4.0,3.8410714285714285,4.0,4.0,3.5,3.5,2.5,4.0,3.8441176470588236,2.5,4.0,4.0,4.0,4.0,4.0,2.453405017921147,4.0,4.0,4.0,4.0,4.0,4.0,4.0,4.0,4.0,4.0,2.9770408163265305,4.0,4.0,3.78
49,2562,100239895,1.5,2.5,3.8410714285714285,2.0,2.0,2.5,2.0,2.5,3.5,3.8441176470588236,2.0,2.5,3.5,2.5,1.5,3.0,2.453405017921147,1.5,2.5,2.0,2.5,1.5,2.0,2.5,2.5,2.5,2.0,2.9770408163265305,3.0,2.0,2.29
50,2564,100239901,0.0,2.0,3.8410714285714285,0.0,0.0,3.0,2.9541284403669725,2.0,3.5,3.5,2.0,1.5,1.5,1.0,1.0,1.5,2.453405017921147,2.0,0.0,2.0,1.0,1.0,1.0,2.0,1.5,2.0,1.5,2.9770408163265305,1.5,2.0,2.03
51,2562,100239902,1.5,2.5,3.8410714285714285,1.0,3.5,2.5,2.5,2.5,2.5,3.8441176470588236,1.5,3.0,2.5,2.5,2.0,2.5,2.453405017921147,4.0,1.5,2.0,2.0,3.0,2.0,3.5,4.0,3.0,3.0,2.9770408163265305,3.0,3.5,2.55
52,2562,100239914,1.0,2.5,3.8410714285714285,1.5,2.0,2.5,2.9541284403669725,2.5,3.5,4.0,3.5,2.0,2.0,1.0,1.5,3.0,2.453405017921147,2.0,2.5,1.5,2.0,2.5,2.0,2.0,3.0,2.0,2.0,2.9770408163265305,4.0,3.0,2.28
53,2562,100239934,1.5,4.0,3.8410714285714285,1.5,3.5,3.0,3.0,2.5,3.5,3.8441176470588236,2.5,2.5,3.0,2.0,2.5,2.5,2.453405017921147,2.5,2.0,1.5,2.5,1.5,2.0,2.5,2.0,4.0,2.5,2.9770408163265305,3.0,2.5,2.39
54,2566,100239968,1.5,2.5,3.8410714285714285,1.0,2.0,3.0,2.9541284403669725,3.0,3.5,4.0,2.0,2.0,2.0,3.0,0.0,2.5,2.453405017921147,2.5,1.5,2.0,2.0,2.0,1.5,1.0,2.0,2.8112745098039214,1.0,2.9770408163265305,3.0,1.5,2.01
55,2563,100239990,0.0,1.5,3.8410714285714285,0.0,2.0,2.5,1.5,2.0,3.5,3.5,2.0,3.0,2.0,1.0,1.5,2.5,2.453405017921147,2.0,1.5,1.5,1.0,1.5,0.0,2.0,2.5,2.8112745098039214,2.5,2.9770408163265305,2.5,3.0,2.15
56,2562,100240018,1.0,2.5,3.8410714285714285,1.0,2.0,3.0,2.9541284403669725,2.5,3.5,4.0,3.0,2.5,2.0,1.0,1.0,2.0,2.453405017921147,2.0,2.0,3.0,2.0,1.5,1.5,1.5,2.5,2.8112745098039214,2.5,2.9770408163265305,3.0,2.0,2.19
57,2562,100240030,2.5,3.5,3.8410714285714285,2.0,4.0,3.5,2.0,2.5,4.0,3.8441176470588236,2.5,4.0,4.0,2.0,3.5,3.5,2.453405017921147,2.0,2.5,2.5,4.0,3.5,2.0,3.5,3.0,4.0,3.5,2.9770408163265305,3.5,3.5,3.08
58,2562,100240059,2.5,4.0,3.8410714285714285,2.0,4.0,3.5,2.9541284403669725,2.5,4.0,4.0,3.0,3.5,4.0,4.0,3.5,3.5,2.453405017921147,2.5,3.0,2.5,3.5,3.5,2.0,3.0,2.5,3.5,3.5,2.9770408163265305,4.0,4.0,3.25
59,2562,100240060,1.5,2.5,3.8410714285714285,1.5,3.5,3.0,2.0,2.5,3.5,3.8441176470588236,2.0,4.0,3.0,1.0,2.0,3.0,2.453405017921147,2.0,3.5,3.0,1.0,2.0,1.5,1.5,2.5,2.0,2.0,2.9770408163265305,3.0,2.0,2.36
60,2562,100240078,2.0,2.5,3.8410714285714285,1.0,2.0,3.0,4.0,2.5,3.5,3.8441176470588236,2.5,2.0,3.0,2.5,2.5,3.0,2.453405017921147,2.0,1.5,1.0,3.0,3.0,1.5,2.5,2.5,2.5,1.5,2.9770408163265305,4.0,2.0,2.38
61,2562,100240098,1.0,2.0,3.8410714285714285,1.0,1.0,3.0,2.9541284403669725,2.0,3.0,2.5,2.5,3.5,2.0,1.5,1.0,3.0,2.453405017921147,2.0,2.0,3.5,2.0,1.5,2.0,2.0,2.5,2.8112745098039214,2.0,2.9770408163265305,3.5,2.0,2.32
62,2562,100240108,2.0,2.0,3.8410714285714285,1.0,2.0,2.5,2.9541284403669725,2.0,3.0,3.5,2.5,2.5,2.5,1.5,1.5,3.0,2.453405017921147,2.5,2.0,2.0,2.0,2.0,2.0,1.0,2.5,2.8112745098039214,2.5,2.9770408163265305,3.5,2.0,2.28
63,2563,100248951,1.0,3.0,4.0,1.0,3.5,2.5,2.9541284403669725,2.507936507936508,3.6032608695652173,3.8441176470588236,2.532258064516129,3.0,2.5,2.0,1.0,1.0,2.0,3.5,1.0,2.0,2.0,2.5,1.5,3.0,2.0,3.0,2.773764258555133,2.9770408163265305,4.0,2.5,2.41
64,2563,100248958,1.0,4.0,3.5,2.0,2.5,2.0,2.5,2.507936507936508,3.5,3.8441176470588236,2.532258064516129,2.0,3.5,2.0,3.5,2.5,2.5,3.0,1.0,2.0,3.0,2.5,2.0,3.0,3.0,2.0,2.773764258555133,2.0,3.5,3.5,2.49
65,2563,100248986,1.5,3.0,3.5,0.0,3.0,3.0,3.0,2.507936507936508,3.6032608695652173,3.8441176470588236,3.5,2.5,2.5,2.0,3.5,3.0,3.0,3.0,1.5,2.0,3.5,3.0,2.0,3.5,2.5,2.8112745098039214,2.773764258555133,3.0,4.0,2.5,2.84
66,2564,100248988,1.0,3.0,4.0,1.0,2.0,2.0,2.9541284403669725,2.507936507936508,3.6032608695652173,4.0,3.0,2.5,2.0,1.5,1.5,2.0,2.0,2.5,1.0,2.0,2.0,2.5,0.0,2.0,2.0,2.8112745098039214,2.773764258555133,2.5,4.0,2.0,2.12
67,2564,100248992,0.0,3.5,3.5,0.0,2.5,2.0,2.9541284403669725,2.507936507936508,3.6032608695652173,3.8441176470588236,2.532258064516129,2.0,2.0,1.0,1.0,1.0,2.0,2.5,0.0,2.0,1.5,1.0,1.5,2.0,2.0,1.0,2.773764258555133,2.5,4.0,2.0,2.09
68,2563,100249007,1.0,4.0,4.0,3.0,4.0,2.0,2.5,2.507936507936508,3.6032608695652173,3.8441176470588236,2.5,2.5,2.0,2.0,2.0,3.5,3.0,3.0,1.0,2.0,1.5,2.0,2.0,3.0,3.0,1.0,2.773764258555133,2.9770408163265305,3.0,3.0,2.49
69,2564,100249009,1.0,2.5,3.5,2.0,2.5,2.5,2.0,2.507936507936508,3.6032608695652173,3.8441176470588236,2.5,2.0,2.0,1.0,1.0,2.0,2.5,2.5,1.0,1.5,1.5,1.5,1.0,2.0,2.5,1.0,2.773764258555133,2.9770408163265305,3.5,2.0,2.0
70,2563,100249020,1.5,4.0,4.0,2.0,4.0,2.5,3.0,2.507936507936508,3.6032608695652173,3.8441176470588236,3.0,4.0,3.5,3.0,3.0,4.0,4.0,3.5,2.5,4.0,3.0,4.0,4.0,4.0,3.5,2.8112745098039214,2.773764258555133,4.0,3.5,4.0,3.45
71,2563,100249022,1.5,2.5,4.0,1.5,2.5,2.5,2.9541284403669725,2.507936507936508,3.6032608695652173,4.0,2.5,2.5,3.0,1.5,3.5,2.0,3.0,3.5,1.0,2.5,2.0,2.5,2.0,4.0,2.5,2.5,2.773764258555133,3.0,4.0,4.0,2.71
72,2563,100249048,2.0,4.0,4.0,1.0,3.0,3.0,2.9541284403669725,2.507936507936508,3.6032608695652173,4.0,3.5,3.0,2.0,1.5,3.0,2.5,3.0,3.5,1.0,2.0,2.5,4.0,1.0,3.0,2.0,1.5,2.773764258555133,3.5,4.0,3.5,2.73
73,2563,100249055,1.0,4.0,2.5,1.0,2.0,2.0,2.9541284403669725,2.507936507936508,3.6032608695652173,4.0,2.5,2.5,2.5,1.5,2.0,1.0,3.5,2.5,1.0,2.0,2.0,2.5,0.0,2.0,2.0,2.8112745098039214,2.773764258555133,2.5,4.0,2.5,2.1
74,2564,100249056,0.0,4.0,4.0,1.5,3.0,2.5,2.9541284403669725,2.507936507936508,3.6032608695652173,3.8441176470588236,3.0,4.0,2.0,2.0,0.0,1.0,1.0,3.0,0.0,3.0,1.0,1.5,1.0,2.0,2.5232558139534884,1.5,2.773764258555133,3.0,3.0,1.0,2.03
75,2563,100249069,2.0,3.5,4.0,0.0,3.0,2.0,2.9541284403669725,2.507936507936508,3.6032608695652173,3.8441176470588236,1.5,1.5,2.5,2.0,4.0,2.5,2.0,2.5,1.0,2.0,2.5,1.5,1.5,2.5,2.0,2.8112745098039214,2.773764258555133,4.0,2.5,2.5,2.38
76,2563,100249075,1.5,3.5,4.0,1.5,2.5,2.0,3.0,2.507936507936508,3.6032608695652173,3.8441176470588236,3.0,2.0,2.0,1.0,3.0,2.0,3.0,2.0,1.0,1.5,2.0,3.0,1.5,2.5,3.0,2.8112745098039214,2.773764258555133,2.5,3.5,1.5,2.39
77,2563,100249085,2.0,4.0,4.0,2.5,4.0,3.0,2.9541284403669725,2.507936507936508,3.6032608695652173,4.0,2.5,4.0,4.0,2.0,4.0,3.5,4.0,4.0,2.0,4.0,3.0,4.0,2.0,4.0,3.5,4.0,2.773764258555133,4.0,4.0,4.0,3.53
78,2563,100249097,2.0,3.5,3.5,2.5,2.5,2.0,2.9541284403669725,2.507936507936508,3.6032608695652173,3.8441176470588236,3.0,2.0,2.5,2.0,3.5,3.0,3.5,3.0,2.5,2.0,3.0,3.0,2.0,3.5,3.0,2.8112745098039214,2.773764258555133,3.0,3.5,3.0,2.73
79,2563,100249098,1.0,2.5,4.0,1.0,2.0,2.0,2.9541284403669725,2.507936507936508,3.6032608695652173,3.8441176470588236,2.532258064516129,3.0,2.5,1.0,2.0,1.5,2.0,2.5,0.0,2.0,2.0,2.5,1.0,3.0,2.5,2.5,2.773764258555133,2.9770408163265305,4.0,2.5,2.28
80,2564,100249112,1.0,3.0,4.0,1.0,1.0,2.0,2.9541284403669725,2.507936507936508,3.6032608695652173,3.8441176470588236,2.5,2.5,2.5,1.0,2.0,1.5,2.0,2.5,1.0,2.0,1.5,1.5,1.0,2.0,2.0,2.8112745098039214,2.773764258555133,2.9770408163265305,2.0,1.5,2.03
81,2565,100249119,0.0,3.0,4.0,1.0,2.5,3.0,2.9541284403669725,2.507936507936508,3.6032608695652173,3.8441176470588236,2.532258064516129,2.5,1.0,1.0,0.0,1.0,1.5,2.0,0.0,2.0,1.5,3.0,0.0,2.0,2.0,2.8112745098039214,2.773764258555133,2.9770408163265305,4.0,1.0,2.02
82,2563,100249141,2.5,4.0,4.0,3.0,4.0,3.0,2.9541284403669725,2.507936507936508,3.6032608695652173,3.8441176470588236,2.532258064516129,3.5,4.0,4.0,4.0,3.5,4.0,2.5,2.5,2.5,3.5,4.0,2.5,3.0,2.0,4.0,2.773764258555133,3.5,4.0,4.0,3.43
83,2564,100249157,2.0,1.5,3.0,2.5,2.0,2.5,2.9541284403669725,2.507936507936508,3.6032608695652173,4.0,2.0,1.5,2.5,1.5,3.5,2.0,2.0,2.0,1.0,2.0,1.5,1.5,0.0,2.5,2.0,2.8112745098039214,2.773764258555133,2.9770408163265305,3.5,2.0,2.2
84,2563,100249160,1.5,3.0,4.0,0.0,2.5,2.5,2.9541284403669725,2.507936507936508,3.6032608695652173,4.0,3.0,3.5,4.0,2.0,3.0,2.5,3.0,2.5,1.0,3.0,2.0,4.0,2.0,3.5,3.0,2.0,2.773764258555133,4.0,4.0,3.0,2.94
85,2563,100249183,1.5,3.5,4.0,2.5,4.0,2.0,2.5,2.507936507936508,3.6032608695652173,3.5,2.532258064516129,2.5,2.5,2.5,4.0,2.5,3.5,2.5,2.0,3.5,3.0,3.0,2.0,2.5,2.5,2.8112745098039214,2.773764258555133,4.0,3.5,3.0,2.72
86,2563,100249194,1.5,3.0,3.5,1.5,3.0,2.5,2.5,2.507936507936508,3.6032608695652173,3.8441176470588236,2.5,2.0,2.5,2.0,3.0,2.5,3.0,3.0,1.0,3.0,2.5,3.0,2.0,3.0,2.5,3.0,2.773764258555133,2.9770408163265305,3.5,3.5,2.65
87,2565,100249197,1.5,3.0,3.5,2.0,2.0,2.0,3.0,2.507936507936508,3.6032608695652173,3.0,2.532258064516129,2.0,2.5,2.0,1.0,1.0,2.0,3.0,0.0,2.0,2.5,1.5,1.5,2.5,3.0,2.8112745098039214,2.773764258555133,2.9770408163265305,3.0,3.0,2.22
88,2563,100249208,1.5,2.0,3.5,1.0,1.0,1.5,2.9541284403669725,2.507936507936508,3.6032608695652173,3.8441176470588236,2.532258064516129,2.0,2.0,1.5,3.5,1.0,2.0,2.5,1.0,1.0,2.0,1.5,1.5,2.5,2.5,1.5,2.773764258555133,2.5,2.5,2.0,2.0
89,2563,100249213,1.0,2.0,4.0,1.5,2.0,2.0,2.9541284403669725,2.507936507936508,3.6032608695652173,3.8441176470588236,2.532258064516129,2.0,2.0,1.0,3.0,1.5,2.5,2.5,1.5,1.5,2.0,2.0,1.0,3.0,3.5,2.0,2.773764258555133,2.5,3.5,2.5,2.17
90,2563,100249214,2.5,2.5,4.0,2.0,3.0,2.5,2.9541284403669725,2.507936507936508,3.6032608695652173,3.8441176470588236,2.532258064516129,3.0,3.0,2.5,4.0,2.5,3.0,2.0,2.0,2.5,2.5,3.5,2.0,4.0,2.5,3.0,2.773764258555133,2.9770408163265305,3.5,3.0,3.08
91,2565,100249231,0.0,4.0,4.0,2.5,3.5,2.0,2.9541284403669725,2.507936507936508,3.6032608695652173,3.8441176470588236,2.532258064516129,2.0,2.5,2.5,1.0,2.0,2.5,2.0,1.0,1.5,2.0,3.0,1.5,2.5,2.0,3.0,2.773764258555133,2.5,4.0,2.0,2.44
92,2563,100249235,2.0,3.5,4.0,3.0,3.5,2.0,2.9541284403669725,2.507936507936508,3.6032608695652173,3.8441176470588236,2.532258064516129,2.0,3.0,2.0,4.0,3.0,3.5,2.0,1.5,1.5,2.5,3.0,2.0,3.0,3.0,3.5,2.773764258555133,3.0,3.5,3.5,2.75
93,2563,100249262,1.0,4.0,3.5,2.0,4.0,2.0,2.9541284403669725,2.507936507936508,3.6032608695652173,3.8441176470588236,2.5,3.0,3.0,2.0,3.5,2.0,2.5,2.5,1.0,2.5,2.0,3.0,2.0,3.0,2.5,3.0,2.773764258555133,2.9770408163265305,3.0,2.5,2.71
94,2563,100249265,1.5,4.0,4.0,2.5,3.5,3.0,2.9541284403669725,2.507936507936508,3.6032608695652173,4.0,2.5,2.5,3.5,2.0,4.0,3.5,4.0,3.5,1.5,2.5,2.5,4.0,2.0,4.0,3.0,4.0,2.773764258555133,3.5,4.0,4.0,3.13
95,2563,100249268,1.5,3.5,4.0,0.0,2.5,2.5,2.9541284403669725,2.507936507936508,3.6032608695652173,4.0,3.0,3.0,3.0,1.5,2.5,2.5,3.0,2.5,1.0,2.5,2.0,3.0,1.5,3.5,3.0,2.0,2.773764258555133,3.5,4.0,3.0,2.66
96,2563,100249276,2.0,3.0,3.5,2.0,3.0,2.5,2.9541284403669725,2.507936507936508,3.6032608695652173,4.0,2.532258064516129,2.0,2.5,1.5,3.5,2.5,4.0,2.0,2.0,2.0,2.0,3.0,2.0,2.5,3.0,1.0,2.773764258555133,2.5,3.5,3.0,2.52
97,2563,100249281,1.5,2.5,3.5,1.5,2.0,2.5,2.5,2.507936507936508,3.6032608695652173,3.5,2.532258064516129,3.0,1.5,1.5,1.0,1.0,2.0,2.0,1.0,2.0,2.0,2.0,1.0,2.0,2.5,1.5,2.773764258555133,2.9770408163265305,3.5,2.5,2.15
98,2563,100249287,4.0,4.0,3.0,4.0,4.0,2.0,2.9541284403669725,2.507936507936508,3.6032608695652173,3.8441176470588236,2.532258064516129,2.0,4.0,3.5,2.0,4.0,4.0,2.5,2.5,2.0,3.0,3.5,2.0,3.0,2.5,4.0,2.773764258555133,3.5,4.0,3.0,3.08
99,2563,100249313,1.0,2.0,3.5,1.0,2.0,2.5,3.0,2.507936507936508,3.6032608695652173,3.8441176470588236,2.532258064516129,3.0,3.0,1.0,3.5,1.5,2.5,2.5,1.0,2.0,2.0,3.0,1.5,3.0,2.5,2.8112745098039214,2.773764258555133,2.0,4.0,3.0,2.44
100,2563,100249317,1.5,3.5,3.5,2.5,4.0,3.0,2.9541284403669725,2.507936507936508,3.6032608695652173,4.0,2.5,3.0,3.5,1.5,0.0,2.5,4.0,2.5,1.0,1.5,2.5,2.5,2.0,3.5,4.0,2.5,2.773764258555133,2.9770408163265305,2.5,2.5,2.72
101,2564,100249331,0.0,2.0,4.0,0.0,1.5,2.5,3.0,2.507936507936508,3.6032608695652173,3.8441176470588236,2.5,2.0,2.0,1.0,2.0,1.0,2.5,2.5,1.0,2.0,2.0,2.0,0.0,3.5,2.0,2.8112745098039214,2.773764258555133,2.9770408163265305,3.5,1.5,2.19
102,2563,100249340,2.5,2.0,3.0,0.0,2.0,2.0,2.9541284403669725,2.507936507936508,3.6032608695652173,4.0,2.532258064516129,1.5,2.0,1.0,2.0,3.5,3.0,2.5,2.0,2.0,2.0,3.5,2.0,2.0,2.5,1.0,2.773764258555133,2.5,3.5,3.0,2.34
103,2563,100249355,1.5,4.0,4.0,1.5,4.0,2.5,3.5,2.507936507936508,3.6032608695652173,3.0,2.532258064516129,4.0,1.5,2.0,3.5,2.0,2.5,4.0,1.5,4.0,3.0,2.0,2.0,2.5,3.0,2.5,2.773764258555133,3.0,4.0,3.0,2.81
104,2563,100249378,1.5,3.0,4.0,1.0,2.0,2.0,2.9541284403669725,2.507936507936508,3.6032608695652173,4.0,3.0,2.0,2.0,2.0,4.0,1.5,2.5,2.5,1.0,2.0,2.0,2.5,2.0,3.5,2.0,2.8112745098039214,2.773764258555133,3.5,4.0,2.5,2.5
105,2563,100249382,1.5,1.5,3.5,1.5,2.0,2.0,2.9541284403669725,2.507936507936508,3.6032608695652173,3.8441176470588236,2.532258064516129,2.0,2.0,1.5,1.5,1.0,2.0,2.0,1.0,1.5,1.5,2.0,1.0,2.0,2.0,2.0,2.773764258555133,2.9770408163265305,3.5,2.5,2.07
106,2563,100249400,2.5,4.0,4.0,3.0,4.0,2.5,2.9541284403669725,2.507936507936508,3.6032608695652173,4.0,3.0,3.5,4.0,3.0,4.0,4.0,4.0,3.5,2.0,2.5,3.0,4.0,2.0,4.0,2.5,4.0,2.773764258555133,4.0,4.0,4.0,3.39
107,2563,100249405,3.0,2.5,3.5,2.0,2.5,2.0,4.0,2.507936507936508,3.6032608695652173,4.0,2.0,3.0,2.0,1.5,3.0,2.5,3.5,2.5,1.0,3.0,2.5,2.5,2.0,3.0,3.0,2.0,2.773764258555133,3.5,4.0,1.5,2.63
108,2563,100249406,0.0,3.5,3.5,1.0,4.0,2.5,2.9541284403669725,2.507936507936508,3.6032608695652173,4.0,2.532258064516129,2.0,2.5,2.5,3.0,2.5,2.5,3.5,1.0,2.0,2.0,3.5,1.5,3.0,2.0,3.0,2.773764258555133,3.5,4.0,2.0,2.58
109,2563,100249415,0.0,3.5,2.0,1.5,2.0,0.0,2.9541284403669725,2.507936507936508,3.6032608695652173,3.8441176470588236,2.5,0.0,2.0,1.5,1.0,1.0,2.0,2.0,1.5,1.5,2.0,1.5,1.5,2.5,3.0,2.5,2.773764258555133,3.0,2.5,3.0,2.1
110,2563,100249416,0.0,3.5,4.0,1.5,4.0,2.5,2.9541284403669725,2.507936507936508,3.6032608695652173,3.8441176470588236,2.532258064516129,2.0,3.0,2.0,3.0,2.5,3.5,2.5,1.0,2.0,2.0,3.0,2.0,2.5,2.5,2.5,2.773764258555133,3.0,4.0,2.5,2.68
111,2564,100249419,0.0,2.5,3.5,1.0,2.0,2.0,2.9541284403669725,2.507936507936508,3.6032608695652173,3.8441176470588236,2.532258064516129,2.0,2.0,1.0,2.0,1.0,3.0,2.0,1.0,2.0,1.5,1.5,1.5,2.0,2.5,2.8112745098039214,2.773764258555133,3.5,2.5,2.0,2.16
112,2563,100249428,0.0,2.0,4.0,1.0,2.5,2.5,2.9541284403669725,2.507936507936508,3.6032608695652173,3.8441176470588236,3.0,2.5,2.5,1.5,3.0,2.0,2.5,2.0,0.0,2.5,2.0,2.0,2.0,2.5,3.0,2.8112745098039214,2.773764258555133,2.0,3.5,2.5,2.4
113,2563,100249434,0.0,3.0,3.5,1.0,3.0,2.0,2.9541284403669725,2.507936507936508,3.6032608695652173,3.8441176470588236,2.532258064516129,2.5,2.5,2.0,1.0,1.5,1.5,2.0,0.0,3.0,2.0,3.0,2.0,3.0,2.5,1.5,2.773764258555133,2.0,3.0,3.0,2.39
114,2564,100249457,1.5,2.0,4.0,1.5,1.0,2.0,2.9541284403669725,2.507936507936508,3.0,3.5,2.5,2.0,1.5,1.0,1.0,1.0,2.0,2.5,0.0,2.0,2.0,1.0,1.0,2.5,2.0,2.8112745098039214,2.773764258555133,2.5,3.0,2.5,2.03
115,2563,100249461,1.5,4.0,4.0,1.5,3.5,2.0,2.9541284403669725,2.507936507936508,4.0,3.8441176470588236,2.5,2.0,2.5,2.0,4.0,3.0,2.0,2.0,1.0,2.0,2.0,3.5,2.0,3.0,2.5,3.0,2.773764258555133,2.5,4.0,2.5,2.65
116,2563,100249463,1.5,4.0,4.0,1.5,2.5,2.5,3.5,2.507936507936508,3.6032608695652173,4.0,3.0,1.5,2.0,1.5,1.0,2.5,2.5,2.0,0.0,3.0,3.0,2.5,2.0,3.0,2.5,2.8112745098039214,2.773764258555133,3.5,4.0,2.5,2.59
117,2563,100249498,1.0,2.0,3.5,1.5,2.0,2.0,2.5,2.507936507936508,3.6032608695652173,4.0,2.532258064516129,1.5,2.0,1.0,1.5,1.0,1.5,2.0,1.0,2.0,2.0,2.5,1.5,2.5,3.0,2.8112745098039214,2.773764258555133,2.5,3.5,2.0,2.17
118,2563,100249499,2.0,2.5,4.0,2.0,2.5,3.0,3.5,2.507936507936508,3.6032608695652173,4.0,2.532258064516129,3.0,2.5,1.0,2.0,2.0,2.5,2.0,1.5,3.0,2.5,1.5,1.5,3.0,2.0,2.8112745098039214,2.773764258555133,2.5,3.0,2.0,2.45
119,2563,100249506,0.0,3.0,4.0,0.0,3.0,2.0,2.9541284403669725,2.507936507936508,3.6032608695652173,4.0,2.532258064516129,2.0,2.0,2.0,4.0,2.0,2.5,2.0,1.5,2.0,2.5,2.5,1.5,2.5,2.0,1.5,2.773764258555133,2.5,4.0,2.0,2.46
120,2563,100249518,1.5,4.0,3.5,1.5,3.5,2.5,2.9541284403669725,2.507936507936508,3.6032608695652173,3.8441176470588236,2.532258064516129,1.5,2.5,2.0,1.0,2.0,3.0,2.5,1.0,2.0,2.0,1.5,1.0,2.5,2.5,1.5,2.773764258555133,2.0,4.0,2.0,2.31
121,2564,100249527,1.5,3.0,4.0,1.0,3.0,2.5,2.5,2.507936507936508,3.6032608695652173,4.0,2.532258064516129,2.0,1.5,1.0,3.0,2.5,2.0,3.0,0.0,2.0,2.5,2.5,1.5,2.5,2.5,2.8112745098039214,2.773764258555133,2.9770408163265305,3.0,1.5,2.27
122,2564,100260652,1.5,3.0,4.0,2.5,3.0,2.5,4.0,2.507936507936508,3.6032608695652173,3.8441176470588236,2.532258064516129,2.0,2.5,1.5,2.5,2.0,2.5,1.5,1.5,3.5,2.5,2.5,2.0,2.0,2.0,2.8112745098039214,2.0,2.9770408163265305,4.0,2.0,2.55
123,2564,100260653,2.5,4.0,3.5,2.0,4.0,2.5,2.5,2.507936507936508,4.0,3.8441176470588236,2.532258064516129,2.5,2.5,1.5,2.5,2.0,2.5,2.0,2.0,3.5,3.5,1.0,1.5,2.5,2.5,2.8112745098039214,3.5,2.5,2.5,2.0,2.49
124,2564,100260658,1.5,2.5,4.0,2.0,2.0,3.0,3.0,2.507936507936508,3.6032608695652173,3.8441176470588236,2.532258064516129,2.0,2.0,1.0,3.0,1.5,2.0,2.5,1.5,3.5,2.5,2.0,1.5,3.0,2.5,2.8112745098039214,2.5,2.9770408163265305,4.0,2.5,2.54
125,2564,100260661,2.0,2.0,3.5,1.0,3.0,2.0,3.0,2.507936507936508,3.6032608695652173,4.0,2.532258064516129,2.0,2.5,2.5,3.0,1.5,2.5,2.5,1.5,3.5,3.0,1.5,2.5,2.5,2.5,2.5,3.0,2.5,3.0,2.5,2.42
126,2564,100260662,2.0,4.0,4.0,4.0,3.5,3.0,3.0,2.507936507936508,3.6032608695652173,3.8441176470588236,2.532258064516129,2.0,3.0,2.5,2.5,3.0,3.0,2.0,4.0,3.0,2.5,2.5,2.0,2.5,2.5,3.0,4.0,2.5,3.5,2.5,2.92
127,2564,100260667,1.5,4.0,4.0,2.0,4.0,2.0,4.0,2.507936507936508,3.6032608695652173,4.0,2.532258064516129,4.0,4.0,3.0,4.0,2.5,4.0,4.0,3.0,4.0,4.0,3.5,4.0,3.5,2.5,4.0,4.0,4.0,4.0,2.5,3.4
128,2564,100260678,1.0,2.0,4.0,1.5,2.0,2.5,3.5,2.507936507936508,3.6032608695652173,4.0,2.532258064516129,2.0,2.0,2.0,3.0,2.0,2.5,2.0,1.5,3.0,2.5,2.5,1.0,3.0,2.5,2.8112745098039214,2.0,3.0,3.0,3.5,2.46
129,2564,100260684,2.5,2.0,4.0,1.0,1.5,2.0,2.9541284403669725,2.507936507936508,3.6032608695652173,3.8441176470588236,2.532258064516129,3.0,2.0,1.5,3.0,1.0,1.5,2.0,1.0,3.0,1.5,1.5,1.0,2.0,2.0,2.8112745098039214,3.0,2.0,4.0,2.0,2.15
130,2564,100260689,1.0,4.0,4.0,2.0,3.5,2.0,2.5,2.507936507936508,3.6032608695652173,3.8441176470588236,2.532258064516129,2.0,2.0,2.5,1.5,1.0,2.5,2.0,1.0,2.0,2.0,1.5,1.0,2.0,2.0,2.8112745098039214,2.5,3.0,4.0,1.5,2.1
131,2564,100260700,2.5,4.0,4.0,2.0,4.0,3.0,4.0,2.507936507936508,3.6032608695652173,3.8441176470588236,2.532258064516129,3.0,2.5,2.5,3.0,1.5,3.0,2.5,1.0,4.0,2.5,1.5,2.0,2.0,2.0,2.8112745098039214,4.0,2.9770408163265305,3.0,2.0,2.7
132,2564,100260701,2.5,3.0,3.5,1.5,2.5,2.5,2.9541284403669725,2.507936507936508,3.6032608695652173,3.8441176470588236,2.532258064516129,2.5,2.0,1.5,2.5,2.0,2.5,2.0,1.5,3.5,2.0,1.5,2.0,2.0,2.5,1.5,3.0,2.9770408163265305,3.5,2.5,2.52
133,2564,100260717,1.0,1.5,3.5,1.0,2.5,2.0,3.0,2.507936507936508,3.6032608695652173,3.8441176470588236,2.532258064516129,2.0,2.5,1.0,2.5,1.0,2.0,2.0,0.0,2.5,2.0,2.0,1.5,2.0,2.5232558139534884,1.5,2.0,3.0,4.0,2.0,2.18
134,2564,100260731,2.5,4.0,3.5,3.0,4.0,2.0,2.9541284403669725,2.507936507936508,3.6032608695652173,3.8441176470588236,2.532258064516129,3.0,2.5,2.5,3.0,1.0,2.5,2.0,1.5,3.5,2.5,2.0,1.0,2.0,2.0,3.5,4.0,2.9770408163265305,3.0,1.5,2.65
135,2564,100260747,1.5,3.5,4.0,2.0,3.5,2.5,2.9541284403669725,2.507936507936508,3.6032608695652173,4.0,2.532258064516129,3.0,3.0,2.0,3.0,2.0,3.0,2.0,2.0,4.0,3.0,2.0,2.0,2.0,2.5,2.8112745098039214,3.0,2.9770408163265305,4.0,2.5,2.71
136,2564,100260763,2.0,4.0,4.0,1.5,2.0,2.0,2.9541284403669725,2.507936507936508,4.0,3.8441176470588236,2.532258064516129,3.5,2.5,1.5,2.5,1.5,2.5,2.0,1.5,3.5,3.0,1.5,2.0,2.5,2.0,2.8112745098039214,2.0,3.5,3.5,2.0,2.43
137,2564,100260771,2.5,4.0,4.0,1.0,4.0,2.5,2.9541284403669725,2.507936507936508,3.6032608695652173,3.8441176470588236,2.532258064516129,2.5,2.5,1.5,3.0,1.5,2.5,2.5,1.0,4.0,2.0,2.0,1.5,3.0,2.0,4.0,3.5,3.0,4.0,2.0,2.61
138,2564,100260773,1.5,3.5,4.0,1.5,2.0,2.5,2.9541284403669725,2.507936507936508,3.6032608695652173,4.0,2.532258064516129,2.5,2.5,1.5,2.5,1.5,2.0,2.0,1.0,4.0,1.5,1.5,0.0,2.0,2.0,2.8112745098039214,2.0,2.9770408163265305,3.5,2.0,2.3
139,2564,100260774,2.5,4.0,4.0,1.5,4.0,2.5,2.5,2.507936507936508,3.6032608695652173,4.0,2.532258064516129,3.0,4.0,4.0,3.5,2.5,3.5,2.5,3.5,4.0,4.0,2.5,2.5,4.0,2.5,4.0,4.0,3.5,3.0,2.5,3.13
140,2564,100260780,1.5,2.5,4.0,2.0,3.0,2.0,2.5,2.507936507936508,3.6032608695652173,3.8441176470588236,2.532258064516129,3.0,2.5,1.5,3.0,1.5,3.0,2.0,2.0,3.5,2.5,1.5,2.0,3.0,2.0,2.8112745098039214,2.5,2.0,3.0,2.0,2.42
141,2564,100260798,3.0,3.0,4.0,2.5,2.0,2.0,2.0,2.507936507936508,3.6032608695652173,3.8441176470588236,2.532258064516129,2.0,1.5,1.0,2.5,1.0,1.5,2.0,1.0,3.5,1.5,1.0,0.0,2.0,2.5232558139534884,1.0,2.0,3.0,3.5,1.5,2.11
142,2564,100260799,2.5,2.0,4.0,0.0,3.0,2.0,2.9541284403669725,2.507936507936508,3.6032608695652173,3.8441176470588236,2.532258064516129,2.0,2.0,1.0,2.5,2.0,2.0,2.5,1.5,4.0,2.0,1.0,1.5,3.0,2.0,2.0,2.5,2.9770408163265305,4.0,2.5,2.38
143,2564,100260827,2.5,4.0,4.0,3.0,4.0,2.5,2.9541284403669725,2.507936507936508,3.6032608695652173,3.8441176470588236,2.532258064516129,3.5,3.5,2.0,3.5,2.5,2.5,2.0,2.0,4.0,3.5,2.0,2.0,3.0,2.5232558139534884,2.8112745098039214,3.5,3.0,4.0,3.5,3.03
144,2564,100260842,2.0,3.5,4.0,3.5,4.0,2.0,1.5,2.507936507936508,3.6032608695652173,3.8441176470588236,2.532258064516129,2.5,1.5,1.5,2.5,2.0,2.5,2.0,1.5,4.0,1.0,3.0,1.0,2.0,2.5,2.8112745098039214,1.5,2.9770408163265305,4.0,2.0,2.33
145,2564,100260844,1.0,2.5,4.0,2.0,2.0,2.0,3.5,2.507936507936508,3.6032608695652173,3.8441176470588236,2.532258064516129,2.0,2.0,1.0,3.0,1.5,2.0,1.5,1.5,3.0,3.0,1.5,0.0,3.0,2.5,2.0,3.0,2.9770408163265305,2.5,4.0,2.42
146,2564,100260850,2.5,2.0,3.0,1.0,1.5,1.5,2.9541284403669725,2.507936507936508,4.0,3.8441176470588236,2.532258064516129,2.0,2.0,1.0,2.0,2.0,1.5,2.0,2.0,2.5,2.0,2.0,1.5,2.0,2.0,2.8112745098039214,2.0,2.5,3.0,2.0,2.14
147,2564,100260860,2.5,3.0,3.5,1.5,2.0,1.0,2.9541284403669725,2.507936507936508,3.6032608695652173,3.8441176470588236,2.532258064516129,2.5,3.0,2.0,2.5,2.0,2.0,2.5,1.5,4.0,3.0,3.0,2.0,3.5,2.5,2.5,2.0,3.0,3.5,2.5,2.55
148,2564,100260864,3.0,4.0,4.0,3.0,4.0,2.5,2.9541284403669725,2.507936507936508,3.6032608695652173,3.8441176470588236,2.532258064516129,2.0,4.0,4.0,3.5,2.5,4.0,2.0,2.5,2.5,3.5,2.5,2.5,2.5,3.5,2.5,4.0,3.5,4.0,2.5,3.1
149,2564,100260885,2.5,4.0,3.5,2.0,4.0,3.0,2.5,2.507936507936508,4.0,3.8441176470588236,2.532258064516129,3.5,3.0,3.5,2.0,2.0,2.5,2.5,1.5,4.0,1.0,1.5,2.0,3.5,2.5232558139534884,3.5,4.0,2.5,3.5,3.5,2.79
150,2564,100260890,2.0,1.5,3.5,2.0,2.0,2.0,2.9541284403669725,2.507936507936508,3.6032608695652173,4.0,2.532258064516129,2.0,2.5,1.5,3.0,2.5,3.0,2.5,2.0,3.0,3.5,2.0,2.0,2.5,3.0,2.8112745098039214,2.0,3.0,3.5,3.5,2.62
151,2564,100260892,1.5,3.5,4.0,2.0,4.0,2.0,2.5,2.507936507936508,3.6032608695652173,3.8441176470588236,2.532258064516129,2.5,1.5,1.5,3.0,1.5,2.5,2.5,1.0,3.0,2.5,2.0,0.0,2.0,2.0,2.8112745098039214,2.5,2.0,2.0,2.0,2.37
152,2564,100260909,1.5,4.0,3.5,3.5,4.0,2.0,2.9541284403669725,2.507936507936508,3.6032608695652173,4.0,2.532258064516129,2.5,2.5,2.0,1.5,1.0,2.0,2.0,2.0,3.5,1.5,2.5,1.0,3.0,3.0,4.0,3.5,2.0,4.0,2.0,2.58
153,2565,100260912,2.5,4.0,4.0,2.5,4.0,2.5,2.9541284403669725,2.507936507936508,4.0,3.8441176470588236,2.532258064516129,2.0,2.5,2.5,2.5,2.5,4.0,3.0,2.0,4.0,3.5,4.0,0.0,2.5,3.5,4.0,3.5,3.5,4.0,3.5,3.01
154,2565,100260920,2.5,3.5,4.0,2.5,4.0,2.5,3.5,2.507936507936508,3.6032608695652173,3.8441176470588236,2.532258064516129,4.0,2.5,1.0,2.5,1.5,4.0,2.0,1.5,3.5,2.0,2.0,1.5,2.5,2.5,1.5,2.0,1.5,3.0,1.5,2.6
155,2564,100260921,1.5,4.0,4.0,1.0,4.0,2.0,2.0,2.507936507936508,3.6032608695652173,3.8441176470588236,2.532258064516129,2.0,3.5,2.5,3.0,2.0,2.0,2.0,1.5,3.5,2.5,2.5,1.0,2.0,3.0,2.5,3.5,2.9770408163265305,4.0,2.5,2.54
156,2564,100260935,2.0,3.5,3.0,1.5,2.0,2.5,3.0,2.507936507936508,3.6032608695652173,3.8441176470588236,2.0,2.0,2.5,1.5,2.5,1.5,1.5,2.0,1.0,3.5,3.5,2.0,1.5,2.5,2.0,1.5,3.0,2.9770408163265305,2.5,2.0,2.22
157,2564,100260960,1.0,4.0,4.0,2.0,4.0,3.0,2.5,2.507936507936508,3.6032608695652173,3.8441176470588236,2.532258064516129,2.5,2.0,2.5,2.5,2.0,2.0,2.0,1.5,4.0,3.5,2.0,1.5,3.0,2.5,2.5,3.0,2.5,3.5,2.5,2.65
158,2564,100260971,1.0,1.5,3.0,0.0,2.0,2.0,3.5,2.507936507936508,3.6032608695652173,3.8441176470588236,2.532258064516129,1.0,1.0,1.0,2.5,1.0,2.0,2.0,1.5,3.5,2.0,2.5,0.0,2.0,2.0,2.8112745098039214,2.0,2.9770408163265305,3.0,4.0,2.16
159,2564,100260972,2.0,2.0,4.0,1.5,2.0,2.5,2.9541284403669725,2.507936507936508,3.6032608695652173,4.0,2.532258064516129,2.0,1.5,0.0,2.5,2.0,2.0,1.5,1.5,3.0,2.5,2.5,2.5,2.5,2.0,2.8112745098039214,3.0,3.0,4.0,3.5,2.47
160,2564,100260987,2.5,1.5,3.5,1.5,1.0,2.0,2.9541284403669725,2.507936507936508,3.6032608695652173,4.0,2.532258064516129,2.0,1.0,1.0,3.5,1.5,1.0,2.5,0.0,3.0,3.0,1.5,0.0,2.5,3.0,2.8112745098039214,2.5,3.0,3.0,3.5,2.38
161,2564,100260991,2.0,3.5,4.0,1.5,4.0,2.0,2.5,2.507936507936508,3.6032608695652173,4.0,2.532258064516129,3.5,3.5,4.0,2.5,2.5,3.0,3.0,2.5,4.0,4.0,3.0,4.0,3.5,2.5,3.0,3.5,3.5,3.5,3.0,3.16
162,2564,100261022,3.0,4.0,4.0,3.5,4.0,3.0,2.9541284403669725,2.507936507936508,4.0,3.8441176470588236,2.532258064516129,3.5,3.0,1.5,3.0,3.0,4.0,3.5,3.0,4.0,4.0,3.5,1.5,2.5,2.5,4.0,3.5,3.0,4.0,4.0,3.14
163,2564,100261023,2.5,3.0,3.0,3.5,4.0,2.5,2.9541284403669725,2.507936507936508,3.6032608695652173,3.8441176470588236,2.532258064516129,2.0,3.0,2.5,2.0,3.0,1.5,2.0,2.0,4.0,3.0,2.0,2.0,2.5,2.0,3.0,2.5,2.9770408163265305,3.5,2.0,2.71
164,2564,100261031,2.0,4.0,4.0,1.5,4.0,2.0,3.0,2.507936507936508,4.0,3.8441176470588236,2.532258064516129,1.5,3.0,2.5,2.5,2.0,2.5,3.0,1.5,2.5,3.5,2.5,1.0,3.5,3.5,3.0,3.0,3.0,4.0,3.5,2.72
165,2564,100261038,1.5,2.0,3.0,1.5,2.5,2.5,2.9541284403669725,2.507936507936508,3.6032608695652173,3.8441176470588236,2.532258064516129,2.0,2.0,1.5,2.5,1.5,2.5,2.0,1.5,4.0,3.0,1.5,2.0,2.0,2.5,1.5,3.5,2.9770408163265305,3.0,2.5,2.47
166,2564,100261047,3.0,4.0,4.0,3.5,4.0,2.5,3.0,2.507936507936508,3.6032608695652173,4.0,2.532258064516129,3.0,3.5,3.0,4.0,2.5,4.0,3.0,3.5,4.0,4.0,3.5,4.0,3.5,2.5,4.0,4.0,4.0,4.0,3.5,3.44
167,2564,100261054,2.5,2.0,3.5,1.5,2.0,2.5,3.0,2.507936507936508,3.6032608695652173,3.8441176470588236,2.532258064516129,2.0,2.5,2.0,3.0,1.5,2.5,1.5,1.0,3.5,2.0,2.5,2.0,3.0,2.0,2.8112745098039214,3.5,3.0,4.0,2.0,2.59
168,2564,100261059,1.5,1.5,3.5,1.0,2.0,2.5,2.9541284403669725,2.507936507936508,3.6032608695652173,4.0,2.532258064516129,2.0,2.5,1.5,3.5,1.0,2.0,2.0,1.5,3.5,2.5,3.0,1.0,2.5,2.5,2.8112745098039214,2.5,3.0,2.5,3.5,2.52
169,2564,100261060,1.0,2.5,4.0,1.5,2.5,2.0,3.5,2.507936507936508,3.6032608695652173,3.8441176470588236,2.532258064516129,2.0,2.0,0.0,2.0,1.0,2.0,2.0,0.0,4.0,3.0,1.5,1.5,2.5,3.0,2.0,2.0,2.0,4.0,1.5,2.31
170,2564,100261080,1.5,2.5,3.5,2.5,3.5,2.5,2.9541284403669725,2.507936507936508,3.6032608695652173,4.0,2.532258064516129,2.0,3.0,1.5,2.5,2.0,3.0,2.0,1.5,4.0,3.0,2.0,1.0,2.0,2.5,2.8112745098039214,3.5,2.0,4.0,2.0,2.6
171,2564,100261093,1.0,2.0,4.0,1.5,2.0,2.5,2.9541284403669725,2.507936507936508,3.6032608695652173,4.0,2.532258064516129,2.0,2.5,1.0,2.5,1.5,2.5,2.0,1.0,4.0,2.5,1.5,2.0,2.5,2.0,2.8112745098039214,3.0,2.9770408163265305,4.0,2.5,2.57
172,2565,100261094,2.0,1.5,3.0,2.0,2.0,2.5,2.9541284403669725,2.507936507936508,3.6032608695652173,3.8441176470588236,2.532258064516129,1.0,1.5,1.0,2.5,1.5,2.0,2.0,1.5,3.0,3.0,2.0,1.0,2.0,2.0,1.5,2.5,2.9770408163265305,4.0,2.0,2.07
173,2564,100261096,2.0,4.0,3.5,2.0,4.0,3.0,2.9541284403669725,2.507936507936508,3.6032608695652173,4.0,2.532258064516129,3.0,4.0,3.0,2.5,2.5,3.0,2.0,3.0,4.0,4.0,3.0,2.0,3.5,4.0,2.8112745098039214,4.0,2.9770408163265305,4.0,3.0,3.17
174,2565,100261098,2.0,2.0,4.0,1.0,2.0,1.5,4.0,2.507936507936508,3.6032608695652173,3.8441176470588236,2.532258064516129,1.5,1.5,0.0,2.5,1.0,1.5,1.5,1.0,3.5,2.0,2.5,1.5,2.0,2.0,2.8112745098039214,2.5,2.0,3.5,1.5,2.06
175,2565,100261105,2.0,4.0,4.0,1.5,2.0,3.0,2.9541284403669725,2.507936507936508,3.6032608695652173,3.0,2.532258064516129,2.0,1.0,1.0,2.0,1.0,2.0,2.0,1.0,3.0,0.0,2.0,0.0,2.5,2.0,2.0,2.0,3.5,3.0,1.5,2.21
176,2564,100261108,2.5,2.0,3.5,1.5,2.0,2.0,2.9541284403669725,2.507936507936508,3.6032608695652173,3.8441176470588236,2.532258064516129,2.0,2.0,1.0,2.0,1.5,2.5,2.0,1.0,4.0,3.0,2.5,2.0,2.0,2.5,2.5,2.5,2.9770408163265305,3.0,2.0,2.39
177,2564,100261112,2.0,1.5,4.0,0.0,2.0,2.5,3.0,2.507936507936508,3.6032608695652173,4.0,2.532258064516129,2.0,1.5,1.5,2.5,1.0,1.5,2.0,1.5,2.5,3.0,2.0,2.0,2.0,2.5,1.5,3.5,2.5,4.0,3.0,2.24
178,2564,100261121,1.5,2.0,3.5,2.0,2.0,3.5,4.0,2.507936507936508,4.0,3.8441176470588236,2.532258064516129,2.0,1.5,1.5,3.0,1.5,1.5,2.5,1.0,3.0,3.0,3.5,1.0,2.5,2.5,1.5,3.0,2.9770408163265305,2.5,4.0,2.54
179,2564,100261126,2.0,2.0,4.0,1.5,2.0,3.0,2.9541284403669725,2.507936507936508,3.6032608695652173,4.0,2.532258064516129,2.0,3.0,1.0,3.5,1.0,2.5,2.0,1.5,4.0,2.5,3.0,1.0,2.5,2.5,2.8112745098039214,2.0,2.0,4.0,2.0,2.53
180,2564,100261135,2.0,1.5,3.5,1.0,2.0,2.5,2.9541284403669725,2.507936507936508,3.6032608695652173,4.0,2.532258064516129,2.0,1.5,1.0,2.5,1.0,2.0,1.5,0.0,3.5,2.0,1.0,1.0,2.0,2.5,2.8112745098039214,1.5,2.0,4.0,2.0,2.05
181,2564,100261149,1.0,3.0,3.5,2.5,4.0,3.0,2.9541284403669725,2.507936507936508,3.6032608695652173,4.0,2.532258064516129,3.0,2.5,1.5,2.5,2.0,3.0,2.0,2.5,4.0,3.0,2.0,1.5,2.5,3.0,2.8112745098039214,4.0,2.9770408163265305,4.0,2.5,2.84
182,2564,100261151,1.0,3.5,3.5,1.0,4.0,3.0,2.9541284403669725,2.507936507936508,3.6032608695652173,4.0,2.532258064516129,2.0,2.0,2.0,2.5,2.0,1.5,2.0,1.5,2.5,3.5,2.0,1.5,2.5,3.0,2.5,3.5,2.9770408163265305,4.0,2.5,2.47
183,2564,100261153,2.5,3.5,3.5,3.5,4.0,3.0,2.9541284403669725,2.507936507936508,3.6032608695652173,4.0,2.532258064516129,2.5,2.5,2.0,4.0,2.0,4.0,2.5,4.0,4.0,3.0,3.5,2.0,3.0,4.0,2.8112745098039214,4.0,2.9770408163265305,2.5,3.0,3.28
184,2564,100261194,1.5,3.5,3.0,2.5,4.0,2.5,2.9541284403669725,2.507936507936508,3.6032608695652173,4.0,2.532258064516129,1.0,2.0,1.5,2.5,1.5,2.5,2.0,2.0,3.0,3.0,2.5,0.0,2.5,2.0,1.5,3.5,2.9770408163265305,4.0,2.0,2.39
185,2565,100261230,2.0,2.5,4.0,1.0,2.5,1.5,3.5,2.507936507936508,3.6032608695652173,3.8441176470588236,2.532258064516129,0.0,2.0,2.5,1.5,1.0,2.0,2.0,1.0,3.0,2.0,2.5,1.5,2.0,2.5,2.5,2.0,2.9770408163265305,3.5,2.0,2.28
186,2564,100261235,3.5,4.0,4.0,4.0,4.0,3.0,4.0,2.507936507936508,3.6032608695652173,4.0,2.532258064516129,4.0,4.0,4.0,3.0,3.5,4.0,3.5,4.0,4.0,4.0,3.5,4.0,4.0,2.5,4.0,3.5,4.0,4.0,2.5,3.59
187,2564,100261237,2.0,4.0,3.5,3.0,3.5,1.5,3.0,2.507936507936508,4.0,3.8441176470588236,2.532258064516129,2.0,3.0,2.5,3.0,2.0,3.0,2.5,1.5,3.0,4.0,2.5,2.0,3.0,3.0,2.5,3.5,2.9770408163265305,4.0,4.0,2.77
188,2564,100261275,2.0,4.0,3.5,2.5,4.0,3.0,2.9541284403669725,2.507936507936508,3.6032608695652173,3.8441176470588236,2.532258064516129,3.0,2.5,2.0,2.0,1.5,3.0,2.5,1.5,4.0,4.0,2.0,2.0,4.0,2.5,3.0,3.5,2.9770408163265305,4.0,4.0,2.9
189,2565,100263612,2.0,3.0,3.0,1.0,2.0,2.0,3.5,2.507936507936508,3.0,3.8441176470588236,2.0,1.0,1.0,1.0,2.5,2.0,1.5,2.5,0.0,3.0,2.0,2.0,2.0,2.5,1.5,2.0,3.0,2.9770408163265305,2.5,2.5994152046783627,2.0
190,2566,100269146,2.0,2.0,4.0,2.5,2.0,2.5,2.9541284403669725,2.507936507936508,3.6032608695652173,3.8441176470588236,2.5,2.0,2.5,1.0,2.0,1.5,2.5,2.5,1.0,1.0,1.0,1.0,0.0,2.5,2.5232558139534884,2.8112745098039214,2.0,2.9770408163265305,2.5,1.0,2.14
191,2565,100269314,2.0,2.0,4.0,1.0,2.0,3.0,2.9541284403669725,2.507936507936508,3.6032608695652173,3.8441176470588236,2.5,2.5,3.0,1.0,2.5,2.0,3.0,1.0,1.0,1.0,1.0,1.5,1.0,2.5,2.5232558139534884,2.8112745098039214,3.5,2.9770408163265305,2.5,2.0,2.35
192,2565,100270640,3.0,3.5,4.0,3.0,4.0,3.0,2.9541284403669725,2.507936507936508,3.0,3.8441176470588236,2.5,4.0,4.0,3.0,3.0,3.0,3.0,2.5,3.0,4.0,3.5,3.5,3.0,4.0,2.5,4.0,4.0,4.0,4.0,3.5,3.36
193,2565,100270662,2.0,2.0,3.5,1.5,2.5,2.0,2.9541284403669725,2.507936507936508,3.0,4.0,1.5,2.0,2.5,1.5,2.5,2.0,1.5,3.0,2.0,2.5,1.5,1.0,2.0,2.5,2.5232558139534884,4.0,2.773764258555133,2.9770408163265305,2.5,2.0,2.31
194,2565,100270678,2.5,2.5,4.0,3.0,2.5,3.5,2.9541284403669725,2.507936507936508,4.0,4.0,2.5,2.5,3.5,2.5,2.5,2.0,4.0,2.0,2.5,3.0,2.5,1.5,2.5,3.5,2.5,2.8112745098039214,2.773764258555133,3.5,3.5,3.5,3.0
195,2565,100270688,3.0,3.0,4.0,3.0,4.0,2.5,3.5,2.507936507936508,4.0,3.8441176470588236,1.5,3.5,3.5,2.5,3.0,2.0,2.5,2.5,2.5,3.5,3.0,2.5,2.0,2.5,2.5232558139534884,2.0,4.0,2.9770408163265305,4.0,3.5,3.05
196,2565,100270697,2.5,4.0,4.0,0.0,4.0,2.5,2.9541284403669725,2.507936507936508,4.0,3.8441176470588236,2.5,2.5,4.0,1.5,3.0,2.0,2.0,3.0,2.0,3.0,4.0,1.5,3.5,3.5,2.5232558139534884,4.0,3.5,3.5,4.0,3.0,3.08
197,2565,100270705,2.0,2.5,4.0,2.0,2.0,2.5,2.9541284403669725,2.507936507936508,3.5,4.0,1.5,2.0,2.0,1.5,2.5,1.5,3.0,2.0,1.5,2.0,2.0,1.5,1.5,2.0,2.5,2.8112745098039214,2.773764258555133,2.9770408163265305,3.5,2.5,2.21
198,2565,100270712,4.0,2.0,3.5,3.0,3.0,2.0,2.9541284403669725,2.507936507936508,3.0,4.0,2.0,2.0,2.0,3.0,3.0,2.0,2.0,2.5,2.0,3.0,1.5,1.5,1.5,2.5,2.5232558139534884,3.0,3.5,1.5,2.5,1.5,2.48
199,2565,100270720,2.5,2.5,4.0,2.0,2.0,2.5,2.9541284403669725,2.507936507936508,3.5,4.0,2.0,2.0,2.0,2.5,2.5,2.0,2.0,3.0,2.0,3.5,3.0,3.5,2.5,2.5,2.5,2.0,3.0,3.5,4.0,3.0,2.7
200,2566,100270750,2.5,2.5,4.0,0.0,3.0,2.0,2.9541284403669725,2.507936507936508,4.0,4.0,1.5,2.0,2.0,1.5,2.0,1.0,1.5,2.5,0.0,2.5,2.0,1.0,2.0,2.5,2.0,2.0,3.5,2.5,4.0,1.5,2.16
201,2566,100270751,2.5,2.5,4.0,2.0,3.0,2.5,3.5,2.507936507936508,4.0,4.0,2.0,2.0,2.0,1.5,3.0,2.0,3.0,2.5,3.5,3.0,4.0,1.5,3.5,2.5,2.5232558139534884,2.8112745098039214,2.5,2.9770408163265305,4.0,3.5,2.78
202,2565,100270770,2.5,2.5,4.0,2.0,3.0,2.5,2.9541284403669725,2.507936507936508,3.0,3.8441176470588236,2.0,3.0,2.5,3.0,2.5,2.0,2.0,3.0,1.5,3.5,4.0,1.5,3.0,2.5,2.5,2.0,3.0,2.9770408163265305,4.0,2.5,2.73
203,2565,100270772,3.0,2.0,4.0,0.0,2.5,3.0,2.9541284403669725,2.507936507936508,3.0,4.0,2.0,2.5,3.0,2.0,3.0,2.0,1.5,2.0,1.5,3.0,3.0,2.5,2.5,3.0,2.5,3.5,4.0,2.9770408163265305,3.5,2.5,2.71
204,2566,100270775,2.0,2.0,4.0,1.5,2.0,2.0,2.9541284403669725,2.507936507936508,3.0,4.0,1.5,2.0,1.5,1.5,2.0,1.5,1.5,2.0,1.0,3.5,1.5,1.5,1.0,3.0,2.5,1.5,1.5,2.9770408163265305,3.0,1.5,2.07
205,2565,100270785,4.0,4.0,3.5,4.0,4.0,2.5,4.0,2.507936507936508,3.5,3.8441176470588236,2.0,4.0,4.0,3.5,3.0,3.0,4.0,3.0,4.0,4.0,4.0,3.5,3.0,3.5,3.0,4.0,2.773764258555133,4.0,4.0,4.0,3.63
206,2565,100270787,3.0,2.5,3.5,2.5,3.0,2.0,2.9541284403669725,2.507936507936508,3.0,3.8441176470588236,3.0,2.0,2.5,3.0,3.0,2.0,2.5,3.0,2.5,3.0,3.5,2.5,2.5,3.5,3.0,4.0,2.5,4.0,4.0,3.0,2.76
207,2565,100270803,2.0,2.0,4.0,1.5,2.0,2.5,2.9541284403669725,2.507936507936508,3.5,3.8441176470588236,2.5,2.5,2.0,2.0,3.0,2.0,1.5,2.5,1.0,2.5,3.0,2.0,2.0,3.5,2.5,4.0,3.5,3.0,4.0,2.5,2.47
208,2565,100270815,2.0,4.0,4.0,1.5,4.0,3.0,2.9541284403669725,2.507936507936508,3.0,3.8441176470588236,3.0,3.0,4.0,4.0,2.0,2.5,2.5,2.5,2.0,3.0,2.5,1.5,2.0,4.0,2.5232558139534884,3.5,4.0,3.5,3.5,2.5,2.78
209,2565,100270818,2.5,2.0,4.0,1.5,2.0,2.5,2.9541284403669725,2.507936507936508,3.0,3.8441176470588236,2.5,2.0,3.5,4.0,2.5,2.5,2.5,2.5,2.0,2.5,2.5,2.5,3.0,3.5,3.5,4.0,3.0,4.0,4.0,2.5,2.72
210,2565,100270829,3.0,3.0,4.0,3.0,3.0,2.5,2.9541284403669725,2.507936507936508,3.0,3.8441176470588236,3.0,4.0,4.0,3.0,3.0,2.5,3.0,2.5,3.0,4.0,4.0,2.0,3.0,3.5,3.5,3.0,4.0,2.9770408163265305,4.0,3.0,3.14
211,2565,100270830,3.0,2.0,4.0,3.0,3.5,2.5,2.9541284403669725,2.507936507936508,3.0,4.0,2.5,2.0,4.0,2.5,3.0,2.0,2.5,2.5,2.5,3.0,2.5,2.0,2.0,2.5,2.5232558139534884,3.5,2.773764258555133,2.9770408163265305,4.0,2.5,2.7
212,2565,100270831,3.5,3.5,3.5,1.7339181286549707,2.0,3.0,2.9541284403669725,2.507936507936508,3.0,4.0,3.0,2.5,2.0,2.0,3.0,2.0,3.5,2.5,2.5,3.0,1.5,1.5,1.5,2.5,2.5232558139534884,3.0,3.0,1.5,2.5,1.5,2.54
213,2565,100270833,2.5,1.5,3.5,1.5,2.0,2.5,2.9541284403669725,2.507936507936508,3.0,4.0,2.5,2.0,2.0,2.5,3.0,1.5,2.0,2.5,1.5,2.5,3.0,2.5,2.5,2.5,3.0,2.5,3.0,2.5,4.0,2.5,2.58
214,2565,100270836,3.0,3.5,4.0,2.5,4.0,3.0,2.9541284403669725,2.507936507936508,3.0,3.5,2.5,1.5,2.5,2.5,3.0,1.0,2.5,2.0,2.0,2.0,2.0,3.0,1.0,2.5,2.0,4.0,3.5,1.5,3.0,1.5,2.33
215,2565,100270839,2.5,2.5,4.0,2.0,4.0,2.5,3.5,2.507936507936508,3.0,4.0,3.0,2.5,3.5,2.5,2.5,2.0,3.0,3.0,2.0,4.0,4.0,2.0,4.0,4.0,2.5232558139534884,2.8112745098039214,4.0,2.9770408163265305,4.0,3.5,3.22
216,2565,100270848,3.0,3.0,4.0,2.5,4.0,3.0,4.0,2.507936507936508,4.0,4.0,4.0,3.5,4.0,3.5,4.0,3.0,4.0,3.0,2.5,4.0,4.0,2.5,3.5,3.5,2.5232558139534884,2.8112745098039214,4.0,2.9770408163265305,4.0,4.0,3.6
217,2565,100270877,2.5,3.5,3.5,3.0,3.0,3.0,2.9541284403669725,2.507936507936508,3.0,3.8441176470588236,3.5,2.5,4.0,3.5,2.5,2.5,2.5,2.5,2.5,4.0,4.0,1.5,2.5,3.0,4.0,4.0,4.0,2.9770408163265305,4.0,3.0,3.08
218,2565,100270887,2.5,2.5,4.0,1.5,1.5,2.0,2.9541284403669725,2.507936507936508,3.0,3.8441176470588236,2.5,2.0,2.0,1.5,2.0,2.0,1.5,2.5,2.5,2.0,2.5,2.5,3.0,3.5,3.0,3.0,3.0,4.0,4.0,2.5,2.52
219,2565,100270888,2.5,2.5,3.5,1.5,2.0,2.0,2.9541284403669725,2.507936507936508,3.0,4.0,3.0,2.0,2.0,2.0,2.0,2.0,1.5,2.5,1.0,2.0,2.0,1.5,2.0,2.0,2.0,3.5,3.0,2.9770408163265305,3.5,3.0,2.34
220,2565,100270897,2.0,2.5,4.0,1.0,2.5,2.0,2.9541284403669725,2.507936507936508,3.0,3.8441176470588236,3.5,2.0,2.0,2.0,2.5,1.0,1.0,2.5,1.0,2.5,2.5,2.0,1.5,3.0,2.0,2.0,3.0,2.9770408163265305,3.5,1.5,2.23
221,2566,100270900,1.5,2.5,4.0,1.5,1.0,2.5,2.9541284403669725,2.507936507936508,3.0,4.0,3.0,2.0,2.5,2.0,2.0,1.5,1.5,3.0,1.0,2.5,4.0,0.0,3.5,3.0,2.5,2.0,3.0,2.0,2.5,2.5,2.34
222,2566,100270908,3.0,1.0,4.0,0.0,1.5,3.0,2.9541284403669725,2.507936507936508,3.0,3.8441176470588236,3.0,2.0,2.0,1.0,2.5,1.0,1.5,2.0,0.0,2.0,2.0,1.5,2.5,2.0,2.5232558139534884,3.5,3.0,2.9770408163265305,4.0,2.0,2.28
223,2565,100270912,2.5,2.0,4.0,0.0,3.5,2.5,2.9541284403669725,2.507936507936508,2.5,3.8441176470588236,2.5,2.0,3.5,1.5,3.0,2.0,1.5,2.5,1.5,3.0,4.0,1.5,2.5,3.5,2.5232558139534884,3.0,4.0,3.5,4.0,2.5,2.63
224,2565,100270939,3.5,1.5,4.0,2.5,2.5,3.0,3.5,2.507936507936508,3.0,3.8441176470588236,3.5,2.0,3.0,3.0,3.0,2.5,3.0,2.5,2.5,3.0,4.0,3.0,3.5,4.0,2.5232558139534884,3.5,4.0,2.9770408163265305,4.0,3.0,3.27
225,2565,100270954,2.0,3.0,4.0,2.0,3.5,3.0,2.0,2.507936507936508,3.5,3.8441176470588236,2.5,3.0,3.5,2.0,3.0,2.0,3.5,3.0,2.0,3.0,2.5,1.5,2.5,3.5,2.5232558139534884,4.0,4.0,4.0,4.0,3.0,2.94
226,2565,100270965,2.5,2.0,3.5,1.5,2.5,3.5,3.5,2.507936507936508,3.0,4.0,3.5,3.5,3.0,2.5,2.5,2.0,2.0,3.0,2.0,3.5,3.5,2.5,3.0,4.0,2.5232558139534884,3.0,3.5,2.9770408163265305,4.0,3.0,3.07
227,2565,100270967,3.5,2.5,4.0,2.0,4.0,3.5,2.9541284403669725,2.507936507936508,3.5,4.0,3.0,4.0,1.5,1.0,2.0,1.5,2.5,3.0,0.0,4.0,4.0,1.5,4.0,4.0,3.0,4.0,3.5,2.9770408163265305,4.0,3.0,3.11
228,2566,100270970,1.0,1.0,3.5,0.0,1.5,3.0,2.9541284403669725,2.507936507936508,4.0,3.5,3.0,1.5,2.0,1.0,2.0,1.5,1.5,2.5,1.0,2.5,2.0,1.0,0.0,2.5,2.0,2.5,1.5,3.0,3.5,1.5,2.19
229,2565,100270973,2.0,2.0,4.0,1.5,1.5,2.5,2.9541284403669725,2.507936507936508,3.5,3.8441176470588236,3.0,2.0,2.5,2.5,2.0,2.0,1.5,2.5,2.0,3.0,2.5,2.5,2.5,4.0,2.5,3.5,2.5,4.0,4.0,3.5,2.57
230,2565,100270976,3.0,2.5,4.0,3.5,3.5,2.5,2.9541284403669725,2.507936507936508,3.5,4.0,3.5,4.0,4.0,3.5,3.5,3.0,4.0,2.5,3.0,4.0,4.0,3.0,3.5,3.5,3.0,2.8112745098039214,2.773764258555133,3.5,4.0,3.5,3.48
231,2566,100270981,2.5,2.0,4.0,1.5,2.0,2.5,2.9541284403669725,2.507936507936508,3.5,4.0,3.0,2.5,1.5,1.5,2.5,1.0,1.5,2.5,1.5,3.5,2.0,1.5,2.5,2.0,2.0,1.5,2.773764258555133,2.0,2.5,2.0,2.34
232,2565,100270987,4.0,4.0,4.0,4.0,4.0,3.0,3.0,2.507936507936508,4.0,4.0,4.0,4.0,4.0,4.0,4.0,4.0,4.0,3.5,2.5,4.0,4.0,4.0,3.0,3.5,3.0,3.5,2.773764258555133,4.0,4.0,3.5,3.72
233,2565,100270990,2.0,3.0,4.0,0.0,2.0,2.5,2.9541284403669725,2.507936507936508,4.0,4.0,3.5,2.0,2.5,1.5,2.5,2.0,2.0,2.5,1.0,1.5,1.0,1.5,1.0,3.0,2.5232558139534884,4.0,4.0,1.5,4.0,2.0,2.33
234,2565,100270991,3.0,4.0,4.0,2.0,4.0,3.0,2.9541284403669725,2.507936507936508,4.0,3.5,3.5,2.5,3.0,2.0,2.5,2.0,3.0,2.0,1.0,3.0,2.5,1.0,4.0,2.0,2.5232558139534884,4.0,4.0,3.5,4.0,3.0,2.81
235,2565,100270992,2.0,2.5,3.5,2.5,3.5,3.0,3.5,2.507936507936508,3.5,3.8441176470588236,3.0,2.0,2.5,1.0,2.5,1.5,3.0,2.0,1.5,2.0,1.0,3.0,2.0,2.5,2.5232558139534884,3.0,2.0,2.9770408163265305,3.5,1.5,2.33
236,2565,100270999,4.0,4.0,4.0,4.0,4.0,3.5,2.9541284403669725,2.507936507936508,4.0,4.0,4.0,4.0,4.0,4.0,4.0,3.0,4.0,3.0,4.0,4.0,4.0,2.5,4.0,4.0,2.5232558139534884,4.0,2.773764258555133,4.0,4.0,4.0,3.86
237,2565,100271000,2.5,2.0,4.0,2.5,3.5,3.5,3.5,2.507936507936508,4.0,4.0,3.5,2.5,3.5,2.5,2.5,2.0,2.5,2.5,1.5,3.0,3.0,3.0,1.5,3.5,2.5232558139534884,2.8112745098039214,3.5,2.0,2.0,3.5,2.97
238,2565,100271008,2.0,2.0,4.0,2.0,3.5,2.0,2.9541284403669725,2.507936507936508,3.5,4.0,3.0,2.0,2.5,3.0,1.5,2.0,2.5,3.0,2.0,3.0,2.0,1.5,2.5,2.5,2.0,3.0,3.5,3.0,3.5,2.5,2.54
239,2566,100271014,3.0,2.5,4.0,1.5,3.0,3.0,2.9541284403669725,2.507936507936508,4.0,3.5,2.5,2.5,3.0,1.0,2.0,1.0,2.0,2.5,1.0,3.5,3.5,1.0,3.0,2.0,2.5,4.0,3.0,3.0,4.0,1.5,2.49
240,2565,100271067,2.0,2.0,3.5,2.0,2.0,2.5,2.9541284403669725,2.507936507936508,4.0,3.8441176470588236,2.0,2.0,2.0,0.0,2.0,1.5,2.5,2.0,1.5,2.0,2.0,2.5,1.0,2.5,2.0,2.8112745098039214,2.773764258555133,2.5,4.0,1.5,2.09
241,2565,100271068,2.5,2.0,3.5,1.0,2.0,2.5,4.0,2.507936507936508,4.0,3.5,2.0,2.5,2.5,1.5,2.5,2.0,1.5,3.0,1.0,2.5,1.5,1.0,1.5,2.5,2.0,2.8112745098039214,2.773764258555133,4.0,2.5,2.0,2.27
242,2565,100271070,2.5,1.5,4.0,3.0,2.5,3.0,3.5,2.507936507936508,3.5,3.8441176470588236,2.5,2.5,3.0,2.0,3.0,2.0,2.0,3.0,2.0,2.5,2.5,1.0,2.0,2.0,2.0,2.0,2.5,1.5,3.0,2.0,2.6
243,2565,100271071,2.5,2.0,4.0,2.5,2.5,3.0,2.9541284403669725,2.507936507936508,4.0,4.0,2.5,3.5,3.0,2.5,2.5,2.0,2.5,2.5,2.0,3.0,2.5,1.5,3.0,3.0,3.0,2.8112745098039214,2.773764258555133,3.5,4.0,3.0,2.84
244,2565,100271074,2.0,3.0,4.0,2.0,3.5,2.5,2.9541284403669725,2.507936507936508,4.0,3.5,3.0,3.0,3.5,4.0,2.5,2.0,2.5,2.5,1.5,3.0,4.0,1.5,4.0,2.5,2.5,3.5,4.0,3.5,3.0,2.5,2.8
245,2565,100271085,2.5,1.0,4.0,0.0,2.0,3.0,4.0,2.507936507936508,3.0,3.8441176470588236,2.5,2.0,2.5,1.5,3.0,2.0,1.5,2.5,1.0,2.0,3.5,1.0,3.0,2.5,2.5232558139534884,3.0,2.5,2.5,3.0,3.0,2.63
246,2565,100271090,2.0,3.0,4.0,2.0,2.5,3.0,2.9541284403669725,2.507936507936508,4.0,3.8441176470588236,3.0,1.5,3.5,2.5,2.5,3.0,3.5,2.5,2.0,2.5,3.0,2.0,2.5,3.0,1.5,3.0,3.0,2.9770408163265305,4.0,3.0,2.71
247,2565,100271116,2.0,1.5,4.0,1.0,2.5,2.0,2.9541284403669725,2.507936507936508,3.0,3.8441176470588236,2.5,2.0,2.5,3.0,2.0,1.5,1.5,2.5,2.0,2.5,2.5,1.0,2.5,3.0,3.0,2.8112745098039214,2.773764258555133,3.0,4.0,2.0,2.41
248,2565,100271136,2.5,2.5,4.0,2.5,3.5,2.5,2.9541284403669725,2.507936507936508,4.0,3.8441176470588236,3.5,2.0,2.0,2.0,1.5,1.5,2.0,2.5,1.5,2.5,3.5,2.0,3.0,2.5,3.0,2.5,4.0,2.9770408163265305,3.0,2.5,2.63
249,2565,100271143,2.5,2.5,3.5,2.0,2.5,3.5,3.0,2.507936507936508,4.0,3.8441176470588236,3.5,2.5,3.0,1.0,2.5,2.0,2.5,2.5,1.5,2.0,1.5,2.0,2.0,3.5,2.5232558139534884,4.0,3.5,2.9770408163265305,4.0,3.0,2.65
250,2565,100271144,2.0,2.5,3.0,1.5,2.5,2.5,2.5,2.507936507936508,4.0,3.8441176470588236,2.5,2.0,2.0,1.0,2.5,2.0,1.5,2.5,1.0,3.0,2.0,2.5,2.5,3.0,2.5232558139534884,3.0,3.0,2.9770408163265305,4.0,2.5,2.45
251,2566,100271146,3.0,3.5,4.0,0.0,2.0,2.5,2.9541284403669725,2.507936507936508,4.0,3.8441176470588236,2.5,2.0,3.5,1.0,2.0,1.5,1.0,2.5,0.0,2.5,3.5,1.5,2.5,2.5,2.5,4.0,3.0,3.0,4.0,1.5,2.6
252,2566,100271155,0.0,2.5,4.0,0.0,1.5,2.5,2.9541284403669725,2.507936507936508,3.0,3.5,2.5,3.0,2.0,2.0,2.0,1.0,1.0,2.5,0.0,3.0,3.5,0.0,3.5,3.0,2.5,3.0,3.5,3.0,3.5,1.5,2.42
253,2565,100271158,1.5,2.5,4.0,0.0,2.0,2.0,2.9541284403669725,2.507936507936508,3.0,3.8441176470588236,3.0,2.0,2.5,2.0,2.5,1.0,0.0,3.0,1.0,2.5,2.0,2.0,2.5,2.5,2.5,1.5,1.5,2.9770408163265305,4.0,2.5,2.25
254,2565,100271162,2.5,2.5,4.0,0.0,2.0,3.0,3.0,2.507936507936508,4.0,3.8441176470588236,3.5,2.0,2.0,1.5,3.0,1.5,1.0,2.0,1.0,2.5,2.0,1.5,2.5,3.0,2.5232558139534884,3.5,2.5,2.9770408163265305,4.0,1.5,2.37
255,2565,100271163,4.0,3.0,4.0,4.0,3.5,3.0,2.9541284403669725,2.507936507936508,4.0,3.8441176470588236,3.0,2.5,4.0,2.5,3.0,3.5,4.0,2.5,4.0,2.5,4.0,3.0,4.0,3.5,2.0,4.0,4.0,3.0,3.0,3.0,3.39
256,2565,100271195,2.5,3.0,4.0,3.5,2.0,2.5,2.9541284403669725,2.507936507936508,3.0,3.5,2.5,2.0,2.5,3.0,2.5,2.5,2.0,3.0,2.5,2.0,4.0,1.5,4.0,3.0,2.5,3.0,3.0,2.5,3.5,2.0,2.65
257,2565,100271196,2.5,1.0,4.0,2.0,2.5,3.5,4.0,2.507936507936508,4.0,3.8441176470588236,3.0,2.5,3.0,1.0,3.0,2.0,2.0,2.5,2.0,3.0,4.0,2.0,4.0,3.5,3.0,4.0,3.5,2.5,3.0,3.0,2.96
258,2565,100271200,3.0,2.0,3.5,2.0,2.5,2.5,2.9541284403669725,2.507936507936508,3.5,3.8441176470588236,2.5,2.0,3.5,1.0,4.0,2.0,3.0,2.5,2.5,3.0,4.0,2.5,2.5,3.5,2.5,4.0,4.0,3.5,4.0,2.5,2.92
259,2566,100271204,4.0,4.0,4.0,4.0,4.0,3.5,2.9541284403669725,2.507936507936508,4.0,3.8441176470588236,3.5,4.0,4.0,4.0,4.0,4.0,4.0,3.0,3.5,4.0,4.0,1.0,3.0,4.0,2.5232558139534884,4.0,2.773764258555133,4.0,4.0,3.5,3.62
260,2565,100271208,4.0,2.0,3.5,2.5,1.5,2.0,2.9541284403669725,2.507936507936508,4.0,3.5,2.0,3.0,2.5,1.0,3.0,2.0,2.0,2.5,1.0,2.5,1.5,1.0,1.5,3.0,2.0,4.0,2.5,1.5,3.5,1.5,2.33
261,2565,100271216,2.0,2.5,4.0,1.5,2.0,2.5,2.9541284403669725,2.507936507936508,3.0,3.8441176470588236,3.0,3.0,4.0,3.5,2.5,2.0,2.0,3.5,2.5,3.5,3.0,2.0,3.0,4.0,2.5,4.0,3.5,4.0,4.0,3.5,2.96
262,2565,100271219,3.0,2.0,4.0,3.0,0.0,1.0,2.9541284403669725,2.507936507936508,4.0,2.0,2.5,1.5,2.5,2.5,3.0,2.0,2.453405017921147,3.5,2.0,3.0,2.0,1.0,1.5,2.5,2.0,2.8112745098039214,3.5,2.5,4.0,3.0,2.53
263,2565,100271231,2.5,4.0,4.0,3.0,4.0,2.0,2.9541284403669725,2.507936507936508,4.0,4.0,3.0,3.0,2.5,3.0,3.5,3.0,2.5,2.5,2.5,3.0,3.5,3.5,3.0,3.0,2.5,3.0,4.0,4.0,3.5,3.5,3.16
264,2566,100271246,1.5,2.0,4.0,0.0,1.5,3.0,2.9541284403669725,2.507936507936508,4.0,4.0,3.0,3.0,3.0,2.5,2.5,2.0,1.0,2.5,1.5,2.5,4.0,1.5,3.5,3.5,2.5,3.5,3.5,3.0,2.5,3.0,2.69
265,2566,100281821,2.5,4.0,4.0,3.0,4.0,2.5488721804511276,2.9541284403669725,2.507936507936508,3.6032608695652173,4.0,2.0,4.0,3.5,3.5,2.5,2.5,4.0,2.5,4.0,3.5,3.5,2.5,2.0,3.5,2.5232558139534884,4.0,3.0,2.9770408163265305,4.0,3.5,3.21
266,2566,100281825,1.0,3.0,4.0,0.0,2.0,2.5488721804511276,2.9541284403669725,2.507936507936508,3.0,3.8441176470588236,2.532258064516129,2.5,3.0,1.0,0.0,1.5,1.5,2.5,2.0,4.0,1.0,1.0,1.0,2.5,2.5232558139534884,2.8112745098039214,1.5,2.0,4.0,1.5,2.09
267,2566,100281829,3.0,4.0,4.0,4.0,4.0,2.5488721804511276,2.9541284403669725,2.507936507936508,4.0,4.0,2.532258064516129,3.0,4.0,2.5,3.5,3.5,4.0,3.0,4.0,3.0,2.5,4.0,2.5,3.5,2.5,2.8112745098039214,3.5,3.5,4.0,3.5,3.31
268,2566,100281858,1.5,2.0,4.0,1.5,2.0,2.5488721804511276,2.9541284403669725,2.507936507936508,3.6032608695652173,4.0,2.532258064516129,2.5,2.5,1.0,2.5,2.5,2.0,2.0,3.5,2.5,1.5,1.5,0.0,2.0,2.5232558139534884,3.0,2.0,2.9770408163265305,4.0,1.0,2.17
269,2566,100281859,3.0,3.5,4.0,4.0,2.5,2.5488721804511276,3.0,2.507936507936508,4.0,3.8441176470588236,2.0,3.0,3.5,1.0,4.0,2.5,4.0,3.5,4.0,2.5,2.5,3.5,1.5,4.0,2.5232558139534884,2.8112745098039214,2.5,3.5,4.0,3.5,3.16
270,2566,100281866,2.0,3.5,4.0,2.0,4.0,2.5488721804511276,2.9541284403669725,2.507936507936508,3.6032608695652173,3.8441176470588236,2.532258064516129,3.0,2.5,1.5,1.0,2.5,3.0,2.5,4.0,3.5,2.0,3.0,1.5,3.0,2.5232558139534884,2.8112745098039214,2.5,3.5,4.0,3.0,2.78
271,2566,100281887,1.0,2.5,4.0,1.5,2.0,2.5488721804511276,2.9541284403669725,2.507936507936508,3.6032608695652173,3.8441176470588236,2.532258064516129,3.0,3.0,1.0,2.0,2.0,2.0,2.0,2.5,2.5,1.0,1.0,1.0,2.0,2.5232558139534884,2.5,2.5,2.9770408163265305,3.5,1.5,2.21
272,2566,100281892,1.5,1.5,4.0,1.5,3.0,2.5488721804511276,3.0,2.507936507936508,4.0,3.8441176470588236,2.0,3.0,3.0,1.5,3.5,2.0,2.5,3.5,4.0,2.5,1.5,2.0,2.0,3.0,2.0,2.8112745098039214,2.0,2.0,3.5,2.5,2.65
273,2566,100281894,1.5,1.5,4.0,1.0,1.0,2.5488721804511276,2.9541284403669725,2.507936507936508,3.6032608695652173,4.0,2.532258064516129,3.0,3.5,1.0,2.0,1.5,1.0,2.5,2.5,1.0,1.5,2.0,0.0,3.0,2.5232558139534884,2.8112745098039214,1.0,3.0,4.0,2.0,2.23
274,2566,100281903,2.0,3.0,4.0,4.0,4.0,2.5488721804511276,2.9541284403669725,2.507936507936508,4.0,4.0,2.532258064516129,3.5,3.5,2.5,3.5,3.0,4.0,3.0,4.0,3.0,2.5,3.5,2.0,3.0,2.5,2.8112745098039214,4.0,3.0,4.0,2.0,3.2
275,2566,100281906,1.5,2.5,4.0,2.5,3.0,2.5488721804511276,2.9541284403669725,2.507936507936508,3.6032608695652173,4.0,2.532258064516129,3.5,3.0,2.5,2.5,2.5,3.0,2.5,4.0,3.5,2.5,2.5,2.0,3.5,2.5232558139534884,2.8112745098039214,2.5,3.5,4.0,3.5,3.03
276,2566,100281937,1.5,1.5,4.0,0.0,1.0,2.5488721804511276,2.9541284403669725,2.507936507936508,4.0,4.0,2.5,3.0,3.5,2.0,2.5,2.0,1.0,3.0,4.0,3.0,1.5,1.5,0.0,2.5,2.5,2.8112745098039214,2.0,3.5,3.5,2.0,2.63
277,2566,100281946,2.0,2.5,4.0,3.5,2.0,2.5488721804511276,2.9541284403669725,2.507936507936508,4.0,3.8441176470588236,2.532258064516129,3.5,3.5,2.0,2.5,2.5,3.0,3.0,4.0,3.0,2.0,3.5,2.5,3.5,2.5,4.0,2.773764258555133,3.0,3.0,3.0,2.91
278,2566,100281955,1.0,1.5,4.0,1.0,1.5,2.5488721804511276,2.9541284403669725,2.507936507936508,4.0,4.0,2.532258064516129,3.0,1.0,1.0,1.5,2.0,1.5,2.0,3.5,3.5,1.0,1.0,0.0,2.0,1.5,2.0,2.0,2.9770408163265305,3.5,1.5,2.14
279,2566,100281958,1.5,1.5,4.0,1.0,2.0,2.5488721804511276,2.9541284403669725,2.507936507936508,3.6032608695652173,4.0,2.0,3.0,2.5,1.0,2.0,2.5,1.5,2.5,3.0,3.0,1.5,2.0,0.0,2.0,2.5,2.8112745098039214,2.0,2.0,4.0,1.5,2.36
280,2566,100281963,1.0,1.5,4.0,1.5,1.5,2.5488721804511276,2.5,2.507936507936508,3.6032608695652173,3.8441176470588236,2.532258064516129,2.0,3.0,1.5,1.5,2.0,1.5,2.5,3.5,2.0,1.5,2.0,1.5,3.0,2.5232558139534884,2.8112745098039214,1.0,2.5,4.0,1.0,2.21
281,2566,100281968,2.5,4.0,4.0,4.0,4.0,2.5488721804511276,2.9541284403669725,2.507936507936508,4.0,4.0,2.532258064516129,4.0,3.5,3.5,4.0,2.0,4.0,3.0,4.0,3.0,2.0,3.0,3.5,3.0,3.0,3.0,2.5,3.0,3.0,3.5,3.24
282,2566,100281970,2.0,3.0,4.0,3.0,3.5,2.5488721804511276,2.9541284403669725,2.507936507936508,3.6032608695652173,3.8441176470588236,2.532258064516129,2.5,3.0,1.0,1.5,1.0,2.5,1.0,2.5,2.5,2.0,3.5,2.0,3.0,2.5232558139534884,2.8112745098039214,2.5,2.9770408163265305,4.0,3.0,2.41
283,2566,100281972,1.5,4.0,4.0,1.5,4.0,2.5488721804511276,2.9541284403669725,2.507936507936508,3.6032608695652173,4.0,2.532258064516129,3.5,4.0,0.0,2.5,2.0,2.0,3.0,4.0,2.0,3.0,3.5,2.5,3.5,2.5232558139534884,2.5,3.0,3.5,4.0,4.0,3.01
284,2566,100281976,2.0,2.5,4.0,2.5,4.0,2.5488721804511276,2.9541284403669725,2.507936507936508,4.0,4.0,2.532258064516129,3.0,4.0,2.5,4.0,3.0,3.5,3.0,4.0,3.0,2.0,2.5,2.0,3.0,2.0,2.8112745098039214,4.0,3.5,4.0,3.5,3.15
285,2566,100281989,0.0,2.0,4.0,1.5,2.0,2.5488721804511276,2.9541284403669725,2.507936507936508,4.0,3.8441176470588236,2.532258064516129,3.0,2.5,1.5,3.0,1.0,2.5,2.5,2.5,1.5,1.5,3.0,2.0,3.0,2.0,3.5,2.773764258555133,3.5,4.0,2.5,2.53
286,2566,100281991,1.5,2.5,4.0,2.0,3.5,2.5488721804511276,2.9541284403669725,2.507936507936508,3.6032608695652173,3.8441176470588236,2.532258064516129,2.5,2.5,2.5,2.0,2.0,1.5,2.5,3.5,3.0,1.5,2.0,1.5,3.0,2.5232558139534884,2.8112745098039214,3.5,3.0,4.0,3.0,2.6
287,2566,100281992,1.5,2.0,4.0,2.5,2.5,2.5488721804511276,2.9541284403669725,2.507936507936508,4.0,3.8441176470588236,2.532258064516129,3.0,3.5,1.0,4.0,2.0,2.5,2.5,4.0,3.5,2.0,2.0,1.5,2.5,2.5232558139534884,3.0,2.0,2.5,3.5,1.5,2.65
288,2566,100282004,1.0,0.0,4.0,1.0,1.0,2.5488721804511276,3.0,2.507936507936508,4.0,3.8441176470588236,2.532258064516129,3.5,2.5,1.0,1.0,2.0,1.0,2.5,2.5,2.0,1.5,1.0,0.0,2.5,1.5,2.8112745098039214,1.5,2.0,3.5,2.5,2.12
289,2566,100282007,2.0,4.0,4.0,3.0,4.0,2.5488721804511276,2.9541284403669725,2.507936507936508,3.6032608695652173,4.0,2.532258064516129,3.5,3.5,1.5,3.0,2.0,4.0,3.0,4.0,2.5,2.0,3.0,2.0,3.0,2.5232558139534884,2.0,3.0,3.5,4.0,4.0,3.11
290,2566,100282008,2.0,3.5,4.0,2.0,4.0,2.5488721804511276,2.9541284403669725,2.507936507936508,4.0,4.0,2.532258064516129,4.0,2.5,3.0,4.0,2.0,2.5,2.0,4.0,2.5,3.0,3.5,2.5,3.0,2.5232558139534884,3.0,2.5,3.0,3.5,2.5,2.98
291,2566,100282013,2.0,4.0,4.0,3.5,4.0,2.5488721804511276,2.9541284403669725,2.507936507936508,4.0,4.0,2.532258064516129,3.5,4.0,3.5,4.0,2.5,3.0,3.5,4.0,2.5,3.0,2.5,3.0,2.5,2.0,2.8112745098039214,4.0,4.0,4.0,3.0,3.07
292,2566,100282014,2.0,1.5,4.0,1.5,1.0,2.5488721804511276,2.9541284403669725,2.507936507936508,3.6032608695652173,3.8441176470588236,1.5,3.0,3.0,1.0,2.5,1.5,1.5,2.0,4.0,2.5,2.0,3.0,1.5,3.5,2.5232558139534884,2.8112745098039214,2.5,2.5,4.0,1.5,2.45
293,2566,100282015,1.5,1.5,4.0,0.0,1.5,2.5488721804511276,2.9541284403669725,2.507936507936508,3.6032608695652173,4.0,2.532258064516129,3.5,2.5,1.5,1.5,2.0,1.5,1.5,4.0,3.5,1.0,1.5,1.0,2.5,2.5232558139534884,2.8112745098039214,1.5,2.5,4.0,2.5,2.44
294,2566,100282017,1.5,2.0,4.0,2.5,3.5,2.5488721804511276,2.9541284403669725,2.507936507936508,3.6032608695652173,3.5,2.532258064516129,3.0,3.0,2.5,4.0,2.5,2.0,2.0,3.0,3.0,1.5,2.0,1.5,2.5,2.5232558139534884,4.0,2.5,2.9770408163265305,4.0,2.0,2.71
295,2566,100282022,2.0,2.0,4.0,1.0,2.5,2.5488721804511276,2.9541284403669725,2.507936507936508,3.5,4.0,2.532258064516129,3.0,2.5,1.0,3.0,1.5,2.0,2.5,3.5,2.5,1.0,0.0,0.0,2.5,1.5,2.5,2.773764258555133,2.0,2.0,1.0,2.26
296,2566,100282048,0.0,1.0,4.0,0.0,1.5,2.5488721804511276,2.9541284403669725,2.507936507936508,3.6032608695652173,4.0,2.532258064516129,3.5,3.0,1.0,3.5,1.0,0.0,2.5,3.0,3.0,1.0,1.0,0.0,2.0,2.5232558139534884,2.0,1.0,2.9770408163265305,4.0,2.0,2.31
297,2566,100282050,1.0,2.0,4.0,1.5,2.0,2.5488721804511276,2.9541284403669725,2.507936507936508,4.0,4.0,2.532258064516129,3.0,4.0,1.0,3.5,3.0,2.0,2.5,4.0,3.0,1.0,1.0,0.0,3.0,2.5,2.8112745098039214,1.5,2.5,4.0,1.0,2.52
298,2566,100282057,1.5,3.0,4.0,2.5,2.0,2.5488721804511276,2.5,2.507936507936508,3.5,3.8441176470588236,2.532258064516129,2.5,3.0,1.5,2.5,2.0,2.0,2.5,4.0,3.0,2.0,3.0,2.0,3.5,2.5232558139534884,2.8112745098039214,2.0,3.0,4.0,2.0,2.68
299,2566,100282067,2.0,3.0,4.0,3.0,4.0,2.5488721804511276,2.9541284403669725,2.507936507936508,4.0,4.0,2.532258064516129,3.5,4.0,2.5,3.5,3.5,3.5,3.0,4.0,3.5,3.0,4.0,3.0,4.0,2.5,2.8112745098039214,4.0,3.5,4.0,3.5,3.37
300,2566,100282069,2.0,3.0,4.0,2.5,3.0,2.5488721804511276,2.9541284403669725,2.507936507936508,4.0,4.0,2.532258064516129,4.0,4.0,2.0,3.0,3.0,3.0,3.0,4.0,3.5,1.5,3.0,1.5,3.0,2.5232558139534884,2.8112745098039214,2.5,3.0,4.0,3.0,3.02
301,2566,100282070,2.0,2.5,4.0,2.5,3.0,2.5488721804511276,2.9541284403669725,2.507936507936508,3.6032608695652173,3.8441176470588236,2.532258064516129,3.0,4.0,2.5,3.0,2.5,3.0,3.0,4.0,2.5,2.5,4.0,2.0,4.0,2.5232558139534884,2.8112745098039214,2.0,3.0,4.0,3.0,3.12
302,2566,100282075,1.5,2.0,4.0,1.0,3.0,2.5488721804511276,2.9541284403669725,2.507936507936508,3.6032608695652173,4.0,2.532258064516129,3.5,4.0,2.5,2.5,2.5,2.0,3.0,4.0,3.5,3.0,4.0,3.0,4.0,2.5232558139534884,2.8112745098039214,2.5,3.5,4.0,3.5,3.1
303,2566,100282127,1.0,2.0,4.0,1.5,3.0,2.5488721804511276,2.9541284403669725,2.507936507936508,4.0,4.0,2.0,3.5,4.0,3.0,3.0,2.0,2.0,3.0,4.0,3.5,2.5,1.5,2.0,3.5,2.5,2.8112745098039214,2.5,3.5,4.0,2.5,2.88
304,2566,100282140,1.0,2.5,4.0,2.0,3.0,2.5488721804511276,2.9541284403669725,2.507936507936508,3.6032608695652173,4.0,2.532258064516129,1.5,4.0,1.5,3.5,2.0,1.0,2.5,4.0,2.5,1.5,2.0,2.0,3.5,2.5232558139534884,2.8112745098039214,2.5,2.5,3.5,4.0,2.61
305,2566,100282141,2.5,3.5,4.0,2.5,3.5,2.5488721804511276,2.9541284403669725,2.507936507936508,4.0,3.8441176470588236,2.532258064516129,3.0,3.0,1.0,2.5,2.0,4.0,2.0,4.0,3.5,1.5,2.5,1.5,2.5,2.5232558139534884,2.0,2.5,3.0,3.5,1.0,2.72
306,2566,100282142,1.5,1.5,4.0,1.0,2.0,2.5488721804511276,2.9541284403669725,2.507936507936508,3.6032608695652173,3.8441176470588236,2.532258064516129,3.0,4.0,1.5,3.5,2.5,2.0,2.5,4.0,3.5,2.0,1.0,1.0,2.0,2.5232558139534884,2.8112745098039214,2.5,2.5,4.0,2.5,2.53
307,2566,100282146,1.5,4.0,4.0,1.5,4.0,2.5488721804511276,2.9541284403669725,2.507936507936508,3.6032608695652173,3.8441176470588236,2.532258064516129,2.0,3.5,1.5,1.0,1.5,2.5,2.5,2.5,3.5,1.0,2.0,2.0,3.5,2.5232558139534884,2.8112745098039214,2.5,3.0,4.0,2.0,2.49
308,2566,100282150,1.5,0.0,4.0,1.5,1.5,2.5488721804511276,2.9541284403669725,2.507936507936508,4.0,4.0,2.532258064516129,3.0,1.5,1.0,2.5,1.5,1.5,2.0,2.5,1.5,1.5,2.5,1.0,2.0,1.5,1.5,2.773764258555133,2.9770408163265305,4.0,1.5,2.19
309,2566,100282158,1.5,3.0,4.0,2.0,4.0,2.5488721804511276,2.9541284403669725,2.507936507936508,4.0,3.8441176470588236,2.532258064516129,2.0,2.5,2.5,2.5,1.5,2.0,1.5,3.5,3.5,2.0,3.5,2.0,3.0,2.5232558139534884,4.0,2.5,2.5,3.5,2.5,2.7
310,2566,100282167,2.0,3.0,4.0,2.5,4.0,2.5488721804511276,2.9541284403669725,2.507936507936508,4.0,4.0,2.532258064516129,3.5,3.0,1.0,3.0,1.5,2.5,3.0,4.0,2.5,2.0,2.0,2.0,3.0,2.5232558139534884,3.0,2.5,3.5,3.5,3.0,2.79
311,2566,100282172,1.5,3.5,4.0,2.0,3.0,2.5488721804511276,2.9541284403669725,2.507936507936508,4.0,4.0,2.532258064516129,3.5,4.0,1.5,3.0,3.0,2.5,3.0,4.0,3.5,1.5,2.0,1.5,3.0,2.5232558139534884,2.8112745098039214,2.5,3.0,4.0,3.0,2.95
312,2566,100282177,2.0,3.5,4.0,2.5,4.0,2.5488721804511276,2.9541284403669725,2.507936507936508,4.0,4.0,2.532258064516129,4.0,3.0,4.0,3.0,2.0,2.5,2.5,4.0,3.0,2.0,2.5,2.5,3.0,2.5232558139534884,4.0,3.5,3.0,4.0,3.0,3.03
313,2566,100282178,2.5,2.5,4.0,4.0,4.0,2.5488721804511276,2.9541284403669725,2.507936507936508,4.0,3.8441176470588236,2.532258064516129,3.0,4.0,2.5,4.0,3.5,4.0,3.5,4.0,3.0,3.5,4.0,2.5,4.0,2.5,2.8112745098039214,4.0,3.5,4.0,4.0,3.54
314,2566,100282180,1.5,4.0,4.0,1.5,4.0,2.5488721804511276,1.5,2.507936507936508,4.0,4.0,2.5,3.0,2.5,0.0,3.0,1.5,2.5,2.0,4.0,3.5,2.0,3.0,3.0,3.5,2.5232558139534884,2.8112745098039214,4.0,3.5,4.0,3.0,2.93
315,2566,100282183,2.0,3.5,4.0,4.0,4.0,2.5488721804511276,2.9541284403669725,2.507936507936508,3.6032608695652173,4.0,2.532258064516129,3.5,4.0,2.5,3.0,3.0,3.0,3.0,4.0,3.5,3.5,3.0,3.0,3.0,2.5232558139534884,4.0,2.5,3.5,4.0,4.0,3.32
316,2566,100282184,2.0,3.5,4.0,2.0,4.0,2.5488721804511276,2.9541284403669725,2.507936507936508,3.6032608695652173,4.0,2.0,2.5,1.5,2.5,3.0,2.0,2.5,2.0,3.5,2.5,2.0,2.0,1.0,3.0,2.0,2.5,4.0,2.9770408163265305,2.5,3.0,2.66
317,2566,100282185,1.5,2.5,4.0,0.0,2.5,2.5488721804511276,2.9541284403669725,2.507936507936508,3.5,3.8441176470588236,2.532258064516129,2.5,1.5,1.0,1.5,1.0,2.0,2.0,2.5,2.5,1.0,2.0,2.0,2.5,2.5232558139534884,2.8112745098039214,2.0,3.0,4.0,3.0,2.37
318,2566,100282190,1.0,1.0,4.0,0.0,1.0,2.5488721804511276,2.9541284403669725,2.507936507936508,4.0,4.0,2.532258064516129,3.0,3.0,1.0,2.0,2.0,0.0,1.5,3.5,3.0,1.5,0.0,0.0,2.0,2.5232558139534884,2.8112745098039214,1.5,2.5,3.5,1.5,2.28
319,2566,100282214,2.0,2.0,4.0,2.5,2.0,2.5488721804511276,2.9541284403669725,2.507936507936508,4.0,4.0,2.0,3.5,4.0,2.5,3.0,3.0,3.0,2.0,4.0,3.5,2.0,2.5,2.0,2.5,3.5,2.8112745098039214,2.5,3.5,4.0,3.0,2.92
320,2566,100282216,2.0,2.5,4.0,0.0,2.5,2.5488721804511276,2.9541284403669725,2.507936507936508,4.0,4.0,2.532258064516129,2.0,4.0,0.0,2.5,2.0,1.0,2.5,3.0,2.0,1.5,2.0,1.5,2.5,2.5232558139534884,2.8112745098039214,2.5,3.5,4.0,3.0,2.63
321,2566,100282232,4.0,4.0,4.0,4.0,4.0,2.5488721804511276,2.9541284403669725,2.507936507936508,3.6032608695652173,4.0,2.532258064516129,4.0,4.0,4.0,4.0,4.0,4.0,3.0,4.0,4.0,4.0,4.0,4.0,4.0,2.5232558139534884,2.8112745098039214,4.0,4.0,4.0,4.0,3.97
322,2566,100282234,2.5,2.5,4.0,2.0,3.0,2.5488721804511276,2.9541284403669725,2.507936507936508,3.6032608695652173,4.0,3.0,3.5,2.0,2.5,2.0,2.0,3.0,2.5,4.0,3.5,2.0,2.5,1.5,2.5,2.0,1.5,3.5,2.9770408163265305,2.5,3.0,2.71
323,2566,100282249,1.5,1.5,4.0,1.5,2.5,2.5488721804511276,2.9541284403669725,2.507936507936508,4.0,4.0,2.532258064516129,3.5,2.5,1.5,2.0,1.5,2.0,2.5,3.5,3.0,1.5,2.0,1.5,2.0,2.0,3.5,2.0,2.5,4.0,2.5,2.46
324,2566,100282260,1.0,1.5,4.0,0.0,1.5,2.5488721804511276,2.9541284403669725,2.507936507936508,3.5,4.0,2.532258064516129,3.0,3.5,1.0,1.0,2.0,2.0,2.5,4.0,3.0,1.5,1.0,0.0,2.0,2.5232558139534884,2.8112745098039214,1.5,2.5,4.0,1.0,2.34
325,2566,100282276,1.0,2.5,4.0,1.0,2.0,2.5488721804511276,2.9541284403669725,2.507936507936508,4.0,4.0,1.0,3.5,2.5,0.0,2.5,2.0,1.5,3.0,3.5,2.5,1.5,2.0,1.5,3.0,2.5232558139534884,4.0,2.5,2.9770408163265305,4.0,2.0,2.41
326,2566,100282279,1.5,2.0,4.0,2.0,3.0,2.5488721804511276,3.5,2.507936507936508,3.6032608695652173,3.8441176470588236,2.5,3.5,3.0,1.5,3.5,2.0,2.5,2.5,3.0,2.0,1.5,2.5,1.5,3.0,2.0,2.8112745098039214,2.5,2.0,4.0,2.0,2.6
327,2566,100282283,1.5,1.5,4.0,0.0,1.0,2.5488721804511276,2.9541284403669725,2.507936507936508,3.6032608695652173,4.0,2.0,3.0,3.5,1.5,3.0,2.5,1.5,2.0,4.0,3.0,2.5,2.0,1.5,3.0,3.0,2.8112745098039214,2.5,4.0,4.0,2.0,2.59
328,2566,100282291,1.5,1.5,4.0,0.0,2.0,2.5488721804511276,2.9541284403669725,2.507936507936508,3.6032608695652173,4.0,2.532258064516129,2.5,4.0,1.0,2.5,1.5,1.5,2.5,3.0,2.0,1.5,2.0,2.0,3.5,2.5232558139534884,2.8112745098039214,2.0,2.5,4.0,2.5,2.47
329,2566,100282295,4.0,4.0,4.0,4.0,4.0,2.5488721804511276,2.9541284403669725,2.507936507936508,3.6032608695652173,3.8441176470588236,3.0,4.0,4.0,4.0,4.0,4.0,4.0,3.0,4.0,4.0,4.0,4.0,4.0,4.0,3.0,2.8112745098039214,4.0,4.0,4.0,4.0,3.84
330,2566,100282300,1.0,0.0,4.0,0.0,1.0,2.5488721804511276,1.5,2.507936507936508,4.0,3.8441176470588236,1.0,3.5,3.0,1.0,1.5,2.0,1.0,3.0,2.5,2.5,1.5,1.0,0.0,2.0,1.5,2.8112745098039214,1.0,2.5,4.0,1.5,2.07
331,2566,100282301,1.0,1.0,4.0,0.0,1.0,2.5488721804511276,2.9541284403669725,2.507936507936508,4.0,4.0,2.532258064516129,3.0,3.5,2.0,1.5,2.5,1.5,2.5,4.0,3.5,1.5,1.5,1.0,2.5,2.5232558139534884,2.8112745098039214,1.0,3.0,4.0,1.5,2.44
332,2566,100282306,1.5,2.0,4.0,1.5,2.0,2.5488721804511276,2.9541284403669725,2.507936507936508,4.0,4.0,2.532258064516129,3.5,3.5,1.5,1.0,3.0,2.0,2.5,4.0,3.5,1.5,2.0,1.5,3.0,2.5232558139534884,2.8112745098039214,2.0,3.5,4.0,2.0,2.68
333,2566,100282310,2.5,3.5,4.0,3.0,4.0,2.5488721804511276,2.9541284403669725,2.507936507936508,3.6032608695652173,4.0,2.532258064516129,3.5,3.5,2.5,2.5,2.5,4.0,4.0,4.0,3.0,4.0,4.0,2.5,4.0,2.5232558139534884,2.8112745098039214,3.0,3.0,4.0,4.0,3.45
334,2566,100282312,1.5,2.5,4.0,1.0,2.5,2.5488721804511276,2.9541284403669725,2.507936507936508,3.6032608695652173,3.8441176470588236,2.532258064516129,2.5,3.0,2.5,2.0,2.0,2.0,1.5,3.5,3.5,2.0,3.5,2.0,4.0,2.5,2.8112745098039214,2.5,2.9770408163265305,3.5,3.0,2.59
335,2566,100282316,1.5,4.0,4.0,4.0,4.0,2.5488721804511276,3.0,2.507936507936508,3.6032608695652173,3.8441176470588236,2.5,4.0,4.0,4.0,3.0,3.0,3.0,3.0,4.0,4.0,2.5,3.5,2.0,3.5,2.0,4.0,3.0,3.5,4.0,4.0,3.28
336,2566,100282328,2.5,4.0,4.0,2.5,4.0,2.5488721804511276,2.9541284403669725,2.507936507936508,4.0,4.0,2.532258064516129,3.5,3.5,2.5,2.5,3.0,4.0,2.0,4.0,3.5,2.5,2.5,2.0,3.0,2.5232558139534884,2.8112745098039214,2.0,3.0,4.0,4.0,3.22
337,2566,100282334,1.5,2.5,4.0,2.0,1.0,2.5488721804511276,2.9541284403669725,2.507936507936508,4.0,4.0,2.532258064516129,2.5,3.5,1.5,2.0,2.5,3.5,2.0,4.0,3.0,1.5,2.5,1.0,2.5,2.5,2.8112745098039214,2.5,3.0,3.5,1.5,2.56
338,2566,100282344,1.0,1.5,4.0,1.0,1.0,2.5488721804511276,2.9541284403669725,2.507936507936508,3.6032608695652173,4.0,1.5,4.0,3.5,1.5,1.5,2.5,1.5,2.0,4.0,2.0,1.5,2.5,1.0,2.5,2.5232558139534884,1.5,1.5,3.0,4.0,1.5,2.34
339,2566,100282356,2.5,2.0,4.0,4.0,3.5,2.5488721804511276,2.9541284403669725,2.507936507936508,4.0,3.8441176470588236,2.532258064516129,3.0,3.5,3.0,3.5,2.0,4.0,2.5,4.0,4.0,2.5,4.0,2.0,4.0,2.5232558139534884,2.0,2.0,3.0,4.0,3.5,3.19
340,2566,100282359,2.0,2.0,4.0,1.5,2.0,2.5488721804511276,2.9541284403669725,2.507936507936508,4.0,4.0,2.532258064516129,2.5,3.5,2.0,2.0,2.0,1.5,3.0,3.5,3.5,1.5,1.0,2.0,2.5,2.5232558139534884,1.0,2.5,3.5,4.0,2.5,2.68
341,2566,100282360,1.0,2.0,4.0,1.0,4.0,2.5488721804511276,2.9541284403669725,2.507936507936508,3.6032608695652173,4.0,2.532258064516129,3.0,2.5,1.5,2.5,2.0,1.5,2.0,4.0,2.0,2.5,1.5,2.0,3.0,2.5232558139534884,2.8112745098039214,2.5,3.0,4.0,2.0,2.52
342,2565,100287192,0.0,2.5,4.0,2.0,1.0,2.0,2.9541284403669725,2.507936507936508,3.6032608695652173,3.8441176470588236,3.0,2.7090643274853803,2.0,2.0,4.0,1.5,2.5,2.5,4.0,2.7909356725146197,1.0,2.0,2.5,3.0,2.0,2.8112745098039214,2.773764258555133,2.9770408163265305,3.0,2.0,2.51
