GRADUATEYEAR,STUDENTID,CalculusforScience,FundamentalsOfProgramming,HistoryAndDevelopmentOfComputerTechnology,MathematicsForScience,ObjectOrientedProgramming,ThaiLanguageSkills,PoliticsEconomyandSociety,PhilosophyOfScience,ManAndEnvironment,LifeSkills,LanguageSocietyAndCulture,EnglishCriticalReadingForEffectiveCommunication,ComputerArchitecture,DataStructure,DatabaseSystems,DiscreteMathematicsForComputerScience,LinearAlgebraAndApplications,OperatingSystems,StatisticalAnalysis,EnglishWritingForEffectiveCommunication,AlgorithmDesignandAnalysis,ArtificialIntelligence,ComputerNetworkAndDataCommunication,SoftwareEngineering,DataMiningTechniques,MobileApplicationDevelopment,MultimediaAnd WebTechnology,SensingAndActuationForInternetOfThings,CommunicativeEnglishForAcademicAnalysisInComputerTechnology,CommunicativeEnglishForResearchPresentationInComputerTechnology,CommunicativeEnglishForSpecificPurposesInComputerTechnology,DataScience,DevelopmentalEnglish,DigitalImageProcessing,DigitalMarketing,EnergyAndTechnologyAroundUs,FundamentalEnglish,FundamentalLawsForQualityOfLife,InternetProgramming,IntroductionToComputerInformationScience,IntroductionToRobotics,LifeAndHealth,LifePrivacy,MultimediaApplicationDevelopment,MusicStudiesInThaiCulture,ProgrammingLanguages,Seminar,SpecialTopicsInComputerScience,SystemAnalysisAndDesign,GPAgraduate
2562,100205568,1.5,3.5,3.841071429,2.5,1,2.5,2,2.5,3.60326087,0,2.532258065,3.5,1,1,1,1,2.453405018,1,0,1.5,1.5,1.5,1.5,3.5,2,2.81127451,2.773764259,2.977040816,2,2,3.5,2.680645161,2,2.861111111,3.120481928,3.5,3.5,3,2.553191489,2.838709677,2.805882353,3.458333333,3.421875,3.303571429,3.416666667,1,3,2.858208955,2.5,2.1
2562,100205606,1,3.5,3.841071429,1.5,1,2,2.95412844,2.5,3.60326087,3.844117647,2.532258065,1.5,2,1.5,0,3.5,2.453405018,2,1,1.5,2,2.5,1,1.5,2,2.5,2,2.977040816,3,2,3.5,2.680645161,0,2.861111111,3.120481928,3.295,1.5,2,2.553191489,2.838709677,2.805882353,3.5,3.421875,3.303571429,2,1,2.5,2.858208955,2,2
2564,100215265,0,3,3.841071429,1.5,1.5,2,2.5,2.5,3.60326087,3.844117647,2,3.5,2.5,2.5,1,3,2.453405018,1,1,3.5,1,0,1,2.5,2.523255814,2,2.773764259,2.977040816,4,4,4,2.680645161,2.5,2.861111111,3.120481928,1.5,3.5,2.971590909,2,2.838709677,2.805882353,3.458333333,3.421875,3.303571429,3.416666667,1,3,2.5,2,2.01
2562,100225543,0,2.5,3.841071429,0,1,2.5,2.95412844,2.5,3.60326087,3.844117647,2.5,2.5,1.5,1.5,2,1.5,2.453405018,2,0,2.5,2,1,1.5,1.5,2.523255814,2.81127451,2,2.977040816,3,1.5,1,2.680645161,3.5,2.861111111,3.120481928,3,2.5,3,2.553191489,2.838709677,2.805882353,3.458333333,3.421875,3,3.5,1,3,2,2.5,2.1
2565,100225544,0,2.5,3.841071429,0,2,3,2.95412844,2.5,3.60326087,4,1.5,2.5,2.5,3,0,2.5,2.453405018,2.5,1.5,3.5,1.5,1,1.5,1.5,2.523255814,1.5,2,2.977040816,1.5,2,1.5,2.680645161,3.5,2.861111111,3.120481928,2.5,2.5,3,2.553191489,2.838709677,3,3.458333333,3.421875,3.303571429,2.5,2,3,2.858208955,2,2.15
2562,100225553,0,1.5,3.841071429,0,2,2,2.95412844,2.5,3.60326087,3.844117647,2.5,0,1.5,2,2.5,2,2.453405018,2.5,2,2.5,1,1,1.5,1.5,2.523255814,0,2,2.977040816,3,1.5,1,2.680645161,3,2.861111111,3.120481928,2.5,0,2,2.553191489,2.838709677,2.805882353,3.458333333,3.421875,3,3,1,3,1,3.5,2
2562,100225572,1.5,4,3.841071429,1,4,3.5,2.95412844,3,3.60326087,3.844117647,2.532258065,4,1.5,1.5,2.5,2,2.453405018,2,1,4,1.5,1.5,0,2,2.5,2.81127451,2,2.977040816,3,4,3,2.680645161,4,2.861111111,3.120481928,3.5,4,2.5,2.553191489,2.838709677,1.5,3.458333333,3.421875,3.303571429,4,1.5,3,2,2,2.46
2562,100225580,1.5,2.5,3.841071429,0,2,3,4,2.5,3.60326087,3.844117647,2,2,1.5,2,2,2,2.453405018,2,1.5,2,1.5,1,0,2.5,2.5,1.5,2,2.977040816,1,1.5,1.5,2.680645161,2,2.861111111,3.120481928,2.5,2,2.5,2.553191489,2.838709677,2.805882353,3.458333333,3.421875,1.5,3.416666667,1,2.5,3.5,2.5,2.08
2562,100239251,1,2,3.841071429,1.5,1,3,2.95412844,2.5,3.5,4,3,4,1,1,3,2.5,2.453405018,2,1.5,2,2,2.5,1.5,1.5,2.5,2.81127451,2.5,2.977040816,3,2.5,3.5,2.680645161,3.5,2.861111111,3.120481928,3,4,3,2.553191489,2.838709677,2,3.458333333,3.421875,3.303571429,3.416666667,1.5,4,3.5,3.5,2.3
2562,100239272,2.5,3,3.841071429,2.5,4,3,3,2.5,3.5,3.844117647,2,4,4,3,4,3.5,2.453405018,3.5,2.5,2,4,4,3,3.5,4,4,2.5,2.977040816,4,4,4,2.680645161,4,2.861111111,3.120481928,3.5,4,3,2.553191489,2.838709677,3.5,3.458333333,3.421875,3.303571429,3.416666667,3.5,4,4,4,3.3
2562,100239306,1,2.5,3.841071429,1,2,3,3,3,4,3.844117647,3,3.5,2.5,1,3,2.5,2.453405018,2,1.5,2,2,1.5,2,2.5,2.5,2.5,2.5,2.977040816,4,3.5,4,2.680645161,4,2.861111111,3.120481928,3.5,3.5,3.5,2.553191489,2.838709677,2,3.458333333,3.421875,3.303571429,3.416666667,2.5,3,2,3,2.4
2563,100239308,0,2,3.841071429,3,1,2.5,1.5,2.5,3.5,3.844117647,2.5,3.5,1,2.5,2.5,1,2.453405018,2,0,2,1,1.5,1,1,2.5,2,2.5,2.977040816,2.5,3.5,2,2.680645161,4,2.861111111,3.120481928,3.5,3.5,2,2.553191489,2.838709677,1,3.458333333,3.421875,3.5,4,2,3,2.858208955,2,2.14
2562,100239321,1,2,3.841071429,2.5,2,2.5,2.5,2,3,3.844117647,2,4,2.5,1.5,2.5,3.5,2.453405018,2,4,2,2,0,2,1.5,2,2.5,2.5,2.977040816,2,3,3,2.680645161,4,2.861111111,3.120481928,3,4,3.5,2.553191489,2.838709677,1.5,3.458333333,3.421875,3.303571429,4,2,3,2.858208955,2,2.45
2563,100239325,0,2.5,3.841071429,1.5,2,3,1.5,2.5,4,3.844117647,1.5,2,1,1,2,2,2.453405018,2,1,2,2,2,1.5,1.5,3,2.81127451,1.5,2.977040816,2,2.5,1,2.680645161,3.5,2.861111111,3.120481928,3,2,3,2.553191489,2.838709677,2.805882353,3.458333333,3.421875,3.303571429,3,1.5,3.5,1.5,2.5,2.01
2562,100239333,2.5,3,3.841071429,3.5,3.5,2.5,2.95412844,3,3.5,4,3,4,4,3,3,4,2.453405018,2,4,2,2.5,2.5,1.5,2,2.5,3.5,3,2.977040816,4,2.5,3,2.680645161,3.5,2.861111111,3.120481928,3,4,2.5,2.553191489,2.838709677,2.805882353,3.458333333,3.421875,3.303571429,3,3,3.5,2.858208955,2.5,2.88
2562,100239381,1,2.5,3.841071429,1.5,2,3,2.95412844,2.5,3,3.5,2.5,3.5,2.5,2.5,2,2.5,2.453405018,2,1,3.5,2,1.5,1.5,2,3,2,2.5,2.977040816,2,1.5,2,2.680645161,3.5,2.861111111,3.120481928,3,3.5,3.5,2.553191489,2.838709677,1.5,3.458333333,3.421875,3.303571429,3,2,2.5,2.858208955,3,2.27
2562,100239418,1.5,2.5,3.841071429,1.5,2,3.5,2.5,3,4,3.844117647,3,4,3,1.5,3.5,3,2.453405018,2,3,1.5,2,1.5,2,2.5,2.5,3,2.5,2.977040816,4,2.5,2.5,2.680645161,4,2.861111111,3.120481928,3.5,4,3.5,2.553191489,2.838709677,1.5,3.458333333,3.421875,3.303571429,3.416666667,2,4,2.858208955,3,2.64
2562,100239446,1.5,3.5,3.841071429,1.5,2.5,3.5,2.95412844,2,3.5,4,2,4,2,2.5,3.5,3.5,2.453405018,2,3.5,2.5,3,4,2,1.5,2.5,2.81127451,2,2.977040816,3,2.5,3,2.680645161,4,2.861111111,3.120481928,3,4,2.5,2.553191489,2.838709677,3,3.458333333,3.421875,3,3.5,2.5,3.5,2.858208955,3,2.7
2562,100239462,2,2.5,3.841071429,2,2,2.5,2,2.5,3,3.844117647,2.5,4,1.5,1,1.5,2.5,2.453405018,2,2,2.5,1.5,2,1,1.5,1.5,2.81127451,1.5,2.977040816,1.5,2,1,2.680645161,4,2.861111111,3.120481928,3,4,3.5,2.553191489,2.838709677,2.805882353,3.458333333,3.421875,3,3.5,1,3,1.5,2,2.18
2562,100239469,1.5,3.5,3.841071429,1.5,2,2.5,2.95412844,2.5,3.5,4,2.5,3.5,3,2.5,3.5,2.5,2.453405018,2,2,1.5,4,3,2,2.5,4,2.81127451,3,2.977040816,3.5,2.5,3.5,2.680645161,3,2.861111111,3.120481928,3,3.5,3,2.553191489,2.838709677,3.5,3.458333333,3.421875,3,3,3.5,3.5,2.858208955,3.5,2.75
2563,100239473,2.5,2.5,3.841071429,0,1,2.5,2.95412844,2.5,3,3,2.5,2.5,1.5,1,1.5,1.5,2.453405018,2,1,2,1,1,1,1.5,1.5,2.81127451,2,2.977040816,2,3,1,2.680645161,3,2.861111111,3.120481928,3,2.5,2.5,2.553191489,2.838709677,2.805882353,3.458333333,3.421875,3.5,3.5,2,2.5,2.858208955,2,2
2562,100239479,1.5,2.5,3.841071429,2,2,3,3.5,2.5,3.5,3.844117647,2,4,2,1,3,2.5,2.453405018,2,3,2,2.5,2.5,2,2,3,2,3,2.977040816,2.5,2,2,2.680645161,4,2.861111111,3.120481928,2.5,4,3,2.553191489,2.838709677,2,3.458333333,3.421875,3.303571429,3.416666667,1.5,2.5,2.858208955,4,2.49
2565,100239502,1,2.5,3.841071429,0,0,3,2.95412844,2.5,3,3.5,1.5,4,0,1,2,1,2.453405018,2,0,3.5,1,2,1,2.5,2.523255814,2,1.5,2.977040816,3,2.5,3,2.680645161,1.5,2.861111111,3.120481928,1.5,4,2.5,1.5,2.838709677,2.805882353,3.458333333,3.421875,4,4,2.5,1.5,1.5,1.5,2.08
2563,100239505,0,3,3.841071429,1.5,2,2.5,2.95412844,2.5,3,4,2,4,3,1.5,3.5,2,2.453405018,2,2,2,2,2.5,2,1,2.5,3,3.5,2.977040816,3.5,3,3.5,2.680645161,4,2.861111111,3.120481928,3.5,4,3.5,2.553191489,2.838709677,2.805882353,3.458333333,3.421875,3.5,3,2,4,2.858208955,3,2.6
2562,100239535,1,2.5,3.841071429,1.5,2,3,3.5,3.5,3.5,3.844117647,1.5,4,2.5,1.5,3,3,2.453405018,2,1,2,1.5,1,2,2.5,3,3,3,2.977040816,3,2.5,2.5,2.680645161,4,2.861111111,3.120481928,3.5,4,2.5,2.553191489,2.838709677,2.805882353,3.458333333,3.421875,3.303571429,3.416666667,3,3.5,2.5,3,2.39
2562,100239556,0,4,3.841071429,1.5,2.5,3,3,2.5,3.5,3.844117647,3,3,1.5,2,2.5,2,2.453405018,2.5,1.5,2.5,2,3.5,2,3,3.5,3.5,2,2.977040816,3,3,2.5,2.680645161,4,2.861111111,3.120481928,2.5,3,2.5,2.553191489,2.838709677,3,3.458333333,3.421875,3.303571429,3.416666667,2.5,3.5,2.5,2.5,2.51
2562,100239593,0,4,3.841071429,1.5,4,3.5,3,2,4,3.844117647,2.5,4,3.5,4,3,3.5,2.453405018,2.5,1.5,2.5,0,1,0,1.5,2,3.5,3.5,2.977040816,4,4,2.5,2.680645161,4,2.861111111,3.120481928,3,4,3.5,2.553191489,2.838709677,1,3.458333333,3.421875,3.303571429,3.416666667,2.5,3,1.5,2.5,2.47
2562,100239596,1.5,3.5,3.841071429,1.5,3,2.5,3,3,4,3.844117647,2,3,2,1.5,3,2.5,2.453405018,2.5,3.5,2,2.5,3.5,1.5,2,2.5,2.81127451,2.5,2.977040816,2.5,1,1.5,2.680645161,4,2.861111111,3.120481928,3,3,3,2.553191489,2.838709677,3,3.458333333,3.421875,3.5,4,2.5,3,2.858208955,3,2.59
2562,100239598,1,3.5,3.841071429,1.5,3,3,2.95412844,2.5,4,4,2.5,4,3.5,2.5,4,3,2.453405018,2.5,3,2.5,3,4,2,3,3,3,3,2.977040816,4,4,4,2.680645161,4,2.861111111,3.120481928,3.5,4,3.5,2.553191489,2.838709677,4,3.458333333,3.421875,3,4,3.5,3.5,2.858208955,4,3.07
2562,100239606,1.5,2,3.841071429,0,1,3,2.95412844,2.5,3,4,2.5,2,1.5,1,1,1.5,2.453405018,2,1,2,1.5,2,1.5,1,2.5,2.81127451,2.5,2.977040816,1.5,2,1,2.680645161,2,2.861111111,3.120481928,3,2,2.5,2.553191489,2.838709677,2.805882353,3.458333333,3.421875,3,3.416666667,2,3,2.858208955,1,2.01
2562,100239620,1.5,3,3.841071429,1.5,2.5,2.5,2.95412844,2.5,3.5,4,3,4,1.5,2.5,4,2.5,2.453405018,2.5,2.5,2,2,3,2,2,3.5,3,2.5,2.977040816,3,2,3.5,2.680645161,3.5,2.861111111,3.120481928,3,4,4,2.553191489,2.838709677,4,3.458333333,3.421875,3.303571429,4,3,3.5,2.858208955,3.5,2.8
2562,100239626,0,3.5,3.841071429,1,2,3,3,2.5,3.5,3.844117647,2,2,1.5,1.5,3,3,2.453405018,2,2,1,2,2.5,1.5,1.5,3,2.81127451,1.5,2.977040816,2.5,1.5,2.5,2.680645161,2.5,2.861111111,3.120481928,2.5,2,3.5,2.553191489,2.838709677,3.5,3.458333333,3.421875,3.303571429,3.416666667,1.5,3.5,2.5,3.5,2.27
2562,100239666,1.5,2.5,3.841071429,1.5,2,3,3,2,3.5,3.844117647,2.5,2.5,1.5,2,2.5,3,2.453405018,2,4,1.5,2,3,2,1.5,3.5,2.81127451,2,2.977040816,3,2.5,3,2.680645161,3.5,2.861111111,3.120481928,3,2.5,2.5,2.553191489,2.838709677,3,3.458333333,3.421875,3.303571429,3.416666667,2.5,3.5,2.5,3.5,2.49
2562,100239667,2,4,3.841071429,2,4,3,2.95412844,2.5,3.5,3.5,2.5,3.5,1.5,1,3,2,2.453405018,2,1.5,2,2.5,3,2,1.5,2.5,3.5,3,2.977040816,2,2,2,2.680645161,2.5,2.861111111,3.120481928,3,3.5,2.5,2.553191489,2.838709677,3.5,3.458333333,3.421875,3.303571429,2,2.5,3.5,2.858208955,3,2.44
2562,100239668,2,2.5,3.841071429,0,2.5,3,2.95412844,2.5,3.5,4,2.5,4,1.5,1,3,2,2.453405018,2,1.5,2.5,2,2,2,2,3,3.5,2.5,2.977040816,4,3.5,3,2.680645161,3,2.861111111,3.120481928,3.5,4,3,2.553191489,2.838709677,3.5,3.458333333,3.421875,3.303571429,3.416666667,3.5,4,2.858208955,3,2.52
2562,100239684,4,2.5,3.841071429,3.5,2,2.5,3.5,2.5,3.5,3.844117647,2.5,3.5,2,1.5,3.5,3.5,2.453405018,2,2.5,2,2.5,3,2,1.5,2.5,2.81127451,3,2.977040816,3,2.5,3,2.680645161,3,2.861111111,3.120481928,3,3.5,2,2.553191489,2.838709677,3,3.458333333,3.421875,3.303571429,3.5,2.5,4,2.858208955,3,2.67
2564,100239685,0,2.5,3.841071429,1,2,3.5,2.95412844,3.5,4,4,2.5,4,2.5,2.5,3.5,3,2.453405018,3,1.5,2,3,2.5,1.5,2,4,2.5,3.5,2.977040816,3.5,4,2.5,2.680645161,4,2.861111111,3.120481928,4,4,3.5,2.553191489,2.838709677,3.5,3.458333333,3.421875,3.5,3.5,3,2.5,2.858208955,3.5,2.82
2562,100239696,1.5,2,3.841071429,1,1,3,2,2.5,2.5,3.844117647,2.5,3,1,1,1.5,2,2.453405018,2,1,3,1,3.5,2,1.5,2.5,2.81127451,2.5,2.977040816,2,3,1.5,2.680645161,3.5,2.861111111,3.120481928,3,3,2.5,2.553191489,2.838709677,2.805882353,3.458333333,3.421875,3,3.416666667,1.5,3.5,2,3,2.14
2562,100239699,1.5,4,3.841071429,2.5,4,3,3.5,2.5,3.5,3.844117647,2.5,4,4,1.5,4,3.5,2.453405018,2,3,2.5,3,3,2,3.5,2.5,4,2,2.977040816,3.5,3.5,3.5,2.680645161,4,2.861111111,3.120481928,3.5,4,3,2.553191489,2.838709677,2,3.458333333,3.421875,3.303571429,3.416666667,3.5,2.5,2.5,3.5,2.88
2562,100239728,1.5,2.5,3.841071429,0,1,3,2.5,2,2.5,3.844117647,2.5,3.5,1,1,2,1.5,2.453405018,2,1.5,3,2,2,2,1.5,2.5,2.81127451,3,2.977040816,2.5,4,2.5,2.680645161,3.5,2.861111111,3.120481928,2.5,3.5,2.5,2.553191489,2.838709677,2.805882353,3.458333333,3.421875,3,4,2,3,2.5,3,2.31
2562,100239743,1.5,2,3.841071429,1.5,1,2.5,2.5,2.5,3.5,3.844117647,2.5,3.5,2.5,2.5,2.5,2,2.453405018,2,1.5,2,2,2.5,1,1.5,3,2.5,2.5,2.977040816,2,3,3,2.680645161,4,2.861111111,3.120481928,2.5,3.5,2.5,2.553191489,2.838709677,2,3.458333333,3.421875,3.303571429,3.5,3,4,2.858208955,2,2.18
2562,100239751,3,4,3.841071429,3,4,3.5,2.95412844,3,4,4,3,4,4,4,3.5,4,2.453405018,3.5,4,4,4,4,3.5,4,3,4,4,2.977040816,4,4,4,2.680645161,4,2.861111111,3.120481928,4,4,4,2.553191489,2.838709677,3.5,3.458333333,3.421875,3.5,4,4,4,4,4,3.79
2562,100239765,3,3,3.841071429,4,3.5,3.5,2.95412844,3,3,3.5,2.5,3,3.5,1.5,2.5,3.5,2.453405018,2,4,2,4,3,2,2.5,4,2.81127451,3.5,2.977040816,2.5,3,2,2.680645161,3,2.861111111,3.120481928,4,3,3,2.553191489,2.838709677,4,3.458333333,3.421875,4,3,3,3,2.858208955,2,3.04
2562,100239799,2.5,3.5,3.841071429,2,2.5,3,2.95412844,2.5,4,4,2,2,2.5,2,4,3,2.453405018,2,3.5,1,2,3,2,1.5,2,2.5,2.5,2.977040816,2.5,2,1.5,2.680645161,3.5,2.861111111,3.120481928,4,2,2.5,2.553191489,2.838709677,2.805882353,3.458333333,3.421875,3,4,2,3.5,2.858208955,3,2.78
2562,100239815,1.5,2.5,3.841071429,1,1,3,2.95412844,2.5,3.5,4,3,3.5,1,1,3.5,2,2.453405018,2,2,2,2,3.5,2,3.5,2.5,3,2,2.977040816,3.5,2.5,2.5,2.680645161,4,2.861111111,3.120481928,3.5,3.5,3,2.553191489,2.838709677,2.5,3.458333333,3.421875,3.303571429,3.5,2,4,2.858208955,4,2.58
2563,100239827,0,1.5,3.841071429,1,0,2.5,2.95412844,2,3,3,2.5,1.5,1.5,1,0,2,2.453405018,2,0,3.5,1.5,1,1,1,2.5,2.81127451,2,2.977040816,1.5,1,1.5,2.680645161,4,2.861111111,3.120481928,2.5,1.5,2,2.553191489,2.838709677,2.805882353,3.458333333,3.421875,3,4,2,2.5,2.858208955,1.5,2
2563,100239844,0,2.5,3.841071429,0,1,3,2.95412844,2,3.5,1.5,0,3,1.5,1,3.5,2,2.453405018,2.5,1,2,2,2.5,1,1.5,2.5,2.81127451,2,2.977040816,3,2.5,2.5,2.680645161,2,2.861111111,3.120481928,3,3,2.5,2.553191489,2.838709677,2.805882353,3.458333333,3.421875,3,3,3,2,2,1.5,2.17
2562,100239854,1.5,2.5,3.841071429,0,2,3,2.95412844,2.5,3,2.5,2.5,3.5,1.5,1.5,2.5,2.5,2.453405018,2,1.5,3,2,2,2,2.5,2.5,2.5,2.5,2.977040816,1.5,2.5,2.5,2.680645161,3.5,2.861111111,3.120481928,3,3.5,3,2.553191489,2.838709677,1.5,3.458333333,3.421875,3.303571429,4,3,4,2.858208955,3,2.36
2562,100239887,4,4,3.841071429,4,4,3.5,3.5,2.5,4,3.844117647,2.5,4,4,4,4,4,2.453405018,4,4,4,4,4,4,4,4,4,4,2.977040816,4,4,4,2.680645161,4,2.861111111,3.120481928,3.5,4,3,2.553191489,2.838709677,4,3.458333333,3.421875,3.303571429,3.416666667,4,4,4,4,3.78
2562,100239895,1.5,2.5,3.841071429,2,2,2.5,2,2.5,3.5,3.844117647,2,2.5,3.5,2.5,1.5,3,2.453405018,1.5,2.5,2,2.5,1.5,2,2.5,2.5,2.5,2,2.977040816,2.5,2.5,2,2.680645161,3,2.861111111,3.120481928,3,2.5,3,2.553191489,2.838709677,3.5,3.458333333,3.421875,3.303571429,3.416666667,3,3,2.858208955,2,2.29
2564,100239901,0,2,3.841071429,0,0,3,2.95412844,2,3.5,3.5,2,1.5,1.5,1,1,1.5,2.453405018,2,0,2,1,1,1,2,1.5,2,1.5,2.977040816,1.5,2.5,1.5,2.680645161,3,2.861111111,3.120481928,2.5,1.5,2,2.553191489,2.838709677,2.805882353,3.458333333,3.421875,3,3,3,1.5,2.858208955,2,2.03
2562,100239902,1.5,2.5,3.841071429,1,3.5,2.5,2.5,2.5,2.5,3.844117647,1.5,3,2.5,2.5,2,2.5,2.453405018,4,1.5,2,2,3,2,3.5,4,3,3,2.977040816,4,3.5,2.5,2.680645161,3.5,2.861111111,3.120481928,3,3,3.5,2.553191489,2.838709677,2.805882353,3.458333333,3.421875,3.303571429,3.416666667,3,3,3,3.5,2.55
2562,100239914,1,2.5,3.841071429,1.5,2,2.5,2.95412844,2.5,3.5,4,3.5,2,2,1,1.5,3,2.453405018,2,2.5,1.5,2,2.5,2,2,3,2,2,2.977040816,1.5,2.5,2,2.680645161,4,2.861111111,3.120481928,3,2,1.5,2.553191489,2.838709677,2.5,3.458333333,3.421875,3.303571429,3,3,4,2.858208955,3,2.28
2562,100239934,1.5,4,3.841071429,1.5,3.5,3,3,2.5,3.5,3.844117647,2.5,2.5,3,2,2.5,2.5,2.453405018,2.5,2,1.5,2.5,1.5,2,2.5,2,4,2.5,2.977040816,2,2.5,2.5,2.680645161,3.5,2.861111111,3.120481928,3,2.5,3,2.553191489,2.838709677,2.805882353,3.458333333,3.421875,3.303571429,3.416666667,3,3,2.858208955,2.5,2.39
2566,100239968,1.5,2.5,3.841071429,1,2,3,2.95412844,3,3.5,4,2,2,2,3,0,2.5,2.453405018,2.5,1.5,2,2,2,1.5,1,2,2.81127451,1,2.977040816,1,1,1,2.680645161,2,2.861111111,3.120481928,3.5,2,2.5,2.553191489,2.838709677,2.805882353,3.458333333,3.421875,3,3.416666667,1.5,3,2.858208955,1.5,2.01
2563,100239990,0,1.5,3.841071429,0,2,2.5,1.5,2,3.5,3.5,2,3,2,1,1.5,2.5,2.453405018,2,1.5,1.5,1,1.5,0,2,2.5,2.81127451,2.5,2.977040816,4,2.5,4,2.680645161,3,2.861111111,3.120481928,3,3,2,2.553191489,2.838709677,2.805882353,3.458333333,3.421875,3,3.416666667,2,2.5,2.5,3,2.15
2562,100240018,1,2.5,3.841071429,1,2,3,2.95412844,2.5,3.5,4,3,2.5,2,1,1,2,2.453405018,2,2,3,2,1.5,1.5,1.5,2.5,2.81127451,2.5,2.977040816,2.5,3,2,2.680645161,1.5,2.861111111,3.120481928,3.5,2.5,2.5,2.553191489,2.838709677,3.5,3.458333333,3.421875,3,3.416666667,2.5,3,2.858208955,2,2.19
2562,100240030,2.5,3.5,3.841071429,2,4,3.5,2,2.5,4,3.844117647,2.5,4,4,2,3.5,3.5,2.453405018,2,2.5,2.5,4,3.5,2,3.5,3,4,3.5,2.977040816,4,4,4,2.680645161,4,2.861111111,3.120481928,3,4,3.5,2.553191489,2.838709677,4,3.458333333,3.421875,3.303571429,3.416666667,3.5,3.5,4,3.5,3.08
2562,100240059,2.5,4,3.841071429,2,4,3.5,2.95412844,2.5,4,4,3,3.5,4,4,3.5,3.5,2.453405018,2.5,3,2.5,3.5,3.5,2,3,2.5,3.5,3.5,2.977040816,3.5,3,3.5,2.680645161,4,2.861111111,3.120481928,4,3.5,4,2.553191489,2.838709677,3,3.458333333,3.421875,3.303571429,4,3,4,2.5,4,3.25
2562,100240060,1.5,2.5,3.841071429,1.5,3.5,3,2,2.5,3.5,3.844117647,2,4,3,1,2,3,2.453405018,2,3.5,3,1,2,1.5,1.5,2.5,2,2,2.977040816,4,4,2.5,2.680645161,4,2.861111111,3.120481928,3,4,2.5,2.553191489,2.838709677,2,3.458333333,3.421875,3.303571429,4,2,3,2.858208955,2,2.36
2562,100240078,2,2.5,3.841071429,1,2,3,4,2.5,3.5,3.844117647,2.5,2,3,2.5,2.5,3,2.453405018,2,1.5,1,3,3,1.5,2.5,2.5,2.5,1.5,2.977040816,3,3,3,2.680645161,2.5,2.861111111,3.120481928,3.5,2,2.5,2.553191489,2.838709677,2,3.458333333,3.421875,2.5,3.416666667,1.5,4,3.5,2,2.38
2562,100240098,1,2,3.841071429,1,1,3,2.95412844,2,3,2.5,2.5,3.5,2,1.5,1,3,2.453405018,2,2,3.5,2,1.5,2,2,2.5,2.81127451,2,2.977040816,4,3.5,3,2.680645161,4,2.861111111,3.120481928,3.5,3.5,2,2.553191489,2.838709677,3.5,3.458333333,3.421875,3.5,2,2.5,3.5,2.858208955,2,2.32
2562,100240108,2,2,3.841071429,1,2,2.5,2.95412844,2,3,3.5,2.5,2.5,2.5,1.5,1.5,3,2.453405018,2.5,2,2,2,2,2,1,2.5,2.81127451,2.5,2.977040816,2.5,3,2.5,2.680645161,3,2.861111111,3.120481928,2,2.5,2.5,2.553191489,2.838709677,4,3.458333333,3.421875,3.5,3.5,2,3.5,2.858208955,2,2.28
2563,100248951,1,3,4,1,3.5,2.5,2.95412844,2.507936508,3.60326087,3.844117647,2.532258065,3,2.5,2,1,1,2,3.5,1,2,2,2.5,1.5,3,2,3,2.773764259,2.977040816,1.5,4,2.5,2.680645161,3.5,1.5,3.120481928,3.295,3,2.971590909,1.5,3.5,2.805882353,3.458333333,3.5,4,3.416666667,2.34375,4,2.858208955,2.5,2.41
2563,100248958,1,4,3.5,2,2.5,2,2.5,2.507936508,3.5,3.844117647,2.532258065,2,3.5,2,3.5,2.5,2.5,3,1,2,3,2.5,2,3,3,2,2.773764259,2,1.5,2.5,2.5,1.5,2,2,3.120481928,3.295,2,4,2.5,2.5,3,3.458333333,3.421875,3,3.5,2.34375,3.5,2.858208955,3.5,2.49
2563,100248986,1.5,3,3.5,0,3,3,3,2.507936508,3.60326087,3.844117647,3.5,2.5,2.5,2,3.5,3,3,3,1.5,2,3.5,3,2,3.5,2.5,2.81127451,2.773764259,3,2.5,3,3,3,2.5,2.861111111,3.120481928,4,2.5,4,3,3.5,2.5,3.458333333,3.421875,3.303571429,3.416666667,2.34375,4,2.858208955,2.5,2.84
2564,100248988,1,3,4,1,2,2,2.95412844,2.507936508,3.60326087,4,3,2.5,2,1.5,1.5,2,2,2.5,1,2,2,2.5,0,2,2,2.81127451,2.773764259,2.5,3,3.5,1.5,2.5,2,2,3.120481928,3,2.5,2.971590909,2,2,3,3.458333333,3.421875,3,3.416666667,2.34375,4,2.858208955,2,2.12
2564,100248992,0,3.5,3.5,0,2.5,2,2.95412844,2.507936508,3.60326087,3.844117647,2.532258065,2,2,1,1,1,2,2.5,0,2,1.5,1,1.5,2,2,1,2.773764259,2.5,2.5,2.5,2.5,2,2,1,3.120481928,4,2,2.971590909,2.5,2,2,3.458333333,3.421875,3.5,3.5,2.34375,4,2.858208955,2,2.09
2563,100249007,1,4,4,3,4,2,2.5,2.507936508,3.60326087,3.844117647,2.5,2.5,2,2,2,3.5,3,3,1,2,1.5,2,2,3,3,1,2.773764259,2.977040816,2.5,2.5,2.5,1.5,3,2.861111111,3.120481928,3.5,2.5,2.971590909,3,2.5,2.805882353,3.458333333,3.421875,3,3.416666667,2.34375,3,2.858208955,3,2.49
2564,100249009,1,2.5,3.5,2,2.5,2.5,2,2.507936508,3.60326087,3.844117647,2.5,2,2,1,1,2,2.5,2.5,1,1.5,1.5,1.5,1,2,2.5,1,2.773764259,2.977040816,2,1.5,2.5,1.5,2,2.861111111,3.120481928,3,2,2.971590909,2,2,2.805882353,3.458333333,3.421875,2.5,3.416666667,2.34375,3.5,2.858208955,2,2
2563,100249020,1.5,4,4,2,4,2.5,3,2.507936508,3.60326087,3.844117647,3,4,3.5,3,3,4,4,3.5,2.5,4,3,4,4,4,3.5,2.81127451,2.773764259,4,4,4,4,2.680645161,4,4,3.120481928,4,4,2.971590909,3.5,3,4,3.458333333,3.421875,4,3.416666667,2.34375,3.5,2.858208955,4,3.45
2563,100249022,1.5,2.5,4,1.5,2.5,2.5,2.95412844,2.507936508,3.60326087,4,2.5,2.5,3,1.5,3.5,2,3,3.5,1,2.5,2,2.5,2,4,2.5,2.5,2.773764259,3,2.5,3,3,2.5,3,4,3.120481928,3.295,2.5,2.971590909,4,2.5,3,3.458333333,3.421875,3.5,3.416666667,2.34375,4,2.858208955,4,2.71
2563,100249048,2,4,4,1,3,3,2.95412844,2.507936508,3.60326087,4,3.5,3,2,1.5,3,2.5,3,3.5,1,2,2.5,4,1,3,2,1.5,2.773764259,3.5,2.5,4,3,2.5,3,3,3.120481928,3.295,3,2.971590909,4,2,2,3.458333333,3.421875,3,3.416666667,2.34375,4,2.858208955,3.5,2.73
2563,100249055,1,4,2.5,1,2,2,2.95412844,2.507936508,3.60326087,4,2.5,2.5,2.5,1.5,2,1,3.5,2.5,1,2,2,2.5,0,2,2,2.81127451,2.773764259,2.5,2,3,2,2,1.5,3,3.120481928,3.5,2.5,2.971590909,1,1.5,2,3.458333333,3.421875,2.5,3.416666667,2.34375,4,2.858208955,2.5,2.1
2564,100249056,0,4,4,1.5,3,2.5,2.95412844,2.507936508,3.60326087,3.844117647,3,4,2,2,0,1,1,3,0,3,1,1.5,1,2,2.523255814,1.5,2.773764259,3,2.5,3,1.5,0,3.5,2.861111111,3.120481928,2.5,4,2.971590909,1,2,1,3.458333333,3.421875,1.5,3.416666667,2.34375,3,2.858208955,1,2.03
2563,100249069,2,3.5,4,0,3,2,2.95412844,2.507936508,3.60326087,3.844117647,1.5,1.5,2.5,2,4,2.5,2,2.5,1,2,2.5,1.5,1.5,2.5,2,2.81127451,2.773764259,4,2.5,3,2,3,1.5,3,3.120481928,3.5,1.5,2.971590909,2.5,2.5,3,3.458333333,3.421875,3.303571429,3.416666667,2.34375,2.5,2.858208955,2.5,2.38
2563,100249075,1.5,3.5,4,1.5,2.5,2,3,2.507936508,3.60326087,3.844117647,3,2,2,1,3,2,3,2,1,1.5,2,3,1.5,2.5,3,2.81127451,2.773764259,2.5,1.5,2.5,1.5,3,2,3.5,3.120481928,4,2,2.971590909,3,2.5,2,3.458333333,3.421875,3.303571429,3.416666667,2.34375,3.5,2.858208955,1.5,2.39
2563,100249085,2,4,4,2.5,4,3,2.95412844,2.507936508,3.60326087,4,2.5,4,4,2,4,3.5,4,4,2,4,3,4,2,4,3.5,4,2.773764259,4,4,4,4,4,4,4,3.120481928,3.295,4,2.971590909,4,4,4,3.458333333,3.421875,4,3.416666667,2.34375,4,2.858208955,4,3.53
2563,100249097,2,3.5,3.5,2.5,2.5,2,2.95412844,2.507936508,3.60326087,3.844117647,3,2,2.5,2,3.5,3,3.5,3,2.5,2,3,3,2,3.5,3,2.81127451,2.773764259,3,2,3.5,2.5,3.5,1.5,2.861111111,3.120481928,3.295,2,4,3,2.5,3,3.458333333,3.421875,3,3.416666667,2.34375,3.5,2.858208955,3,2.73
2563,100249098,1,2.5,4,1,2,2,2.95412844,2.507936508,3.60326087,3.844117647,2.532258065,3,2.5,1,2,1.5,2,2.5,0,2,2,2.5,1,3,2.5,2.5,2.773764259,2.977040816,2.5,3.5,3,2.680645161,3,2.861111111,3.120481928,3.295,3,2.971590909,2,2,2.805882353,3.458333333,2.5,3.5,3.416666667,2.34375,4,2.858208955,2.5,2.28
2564,100249112,1,3,4,1,1,2,2.95412844,2.507936508,3.60326087,3.844117647,2.5,2.5,2.5,1,2,1.5,2,2.5,1,2,1.5,1.5,1,2,2,2.81127451,2.773764259,2.977040816,1.5,2,2,2,2,2,3.120481928,4,2.5,2.971590909,1,2,2.805882353,3.458333333,3.421875,3,3.416666667,2.34375,2,2.858208955,1.5,2.03
2565,100249119,0,3,4,1,2.5,3,2.95412844,2.507936508,3.60326087,3.844117647,2.532258065,2.5,1,1,0,1,1.5,2,0,2,1.5,3,0,2,2,2.81127451,2.773764259,2.977040816,1,2.5,1.5,1,3.5,1,3.120481928,3.295,2.5,2.971590909,1.5,3,2.805882353,3.458333333,3,2.5,3.416666667,2.34375,4,2.858208955,1,2.02
2563,100249141,2.5,4,4,3,4,3,2.95412844,2.507936508,3.60326087,3.844117647,2.532258065,3.5,4,4,4,3.5,4,2.5,2.5,2.5,3.5,4,2.5,3,2,4,2.773764259,3.5,3.5,4,3,2.680645161,4,4,3.120481928,3.295,3.5,2.971590909,4,4,4,3.458333333,4,4,3.416666667,2.34375,4,2.858208955,4,3.43
2564,100249157,2,1.5,3,2.5,2,2.5,2.95412844,2.507936508,3.60326087,4,2,1.5,2.5,1.5,3.5,2,2,2,1,2,1.5,1.5,0,2.5,2,2.81127451,2.773764259,2.977040816,2.5,3.5,2,2,2,3,3.120481928,4,1.5,2.971590909,1,3,2.805882353,3.458333333,3.421875,3,3.416666667,2.34375,3.5,2.858208955,2,2.2
2563,100249160,1.5,3,4,0,2.5,2.5,2.95412844,2.507936508,3.60326087,4,3,3.5,4,2,3,2.5,3,2.5,1,3,2,4,2,3.5,3,2,2.773764259,4,4,3.5,3.5,3.5,4,4,3.120481928,3.295,3.5,2.971590909,4,3,2.5,3.458333333,3.421875,4,3.416666667,2.34375,4,2.858208955,3,2.94
2563,100249183,1.5,3.5,4,2.5,4,2,2.5,2.507936508,3.60326087,3.5,2.532258065,2.5,2.5,2.5,4,2.5,3.5,2.5,2,3.5,3,3,2,2.5,2.5,2.81127451,2.773764259,4,3,3.5,1.5,4,2,3,3.120481928,2.5,2.5,2.971590909,2.5,2,3.5,3.458333333,3.421875,3.303571429,2.5,2.34375,3.5,2.858208955,3,2.72
2563,100249194,1.5,3,3.5,1.5,3,2.5,2.5,2.507936508,3.60326087,3.844117647,2.5,2,2.5,2,3,2.5,3,3,1,3,2.5,3,2,3,2.5,3,2.773764259,2.977040816,3,3.5,2,2.5,2.5,2.861111111,3.120481928,4,2,2.971590909,2.5,2.5,2.805882353,3.458333333,3.421875,3.5,3.416666667,2.34375,3.5,2.858208955,3.5,2.65
2565,100249197,1.5,3,3.5,2,2,2,3,2.507936508,3.60326087,3,2.532258065,2,2.5,2,1,1,2,3,0,2,2.5,1.5,1.5,2.5,3,2.81127451,2.773764259,2.977040816,1.5,1.5,2,1,1,2.861111111,3.120481928,3.295,2,2.971590909,1.5,2,2.805882353,3.458333333,3.421875,3.303571429,4,2.34375,3,2.858208955,3,2.22
2563,100249208,1.5,2,3.5,1,1,1.5,2.95412844,2.507936508,3.60326087,3.844117647,2.532258065,2,2,1.5,3.5,1,2,2.5,1,1,2,1.5,1.5,2.5,2.5,1.5,2.773764259,2.5,1,2,1,2.680645161,2,2.861111111,3.120481928,3.295,2,2.971590909,2,2,2,3.458333333,3,3.5,3.416666667,2.34375,2.5,2.858208955,2,2
2563,100249213,1,2,4,1.5,2,2,2.95412844,2.507936508,3.60326087,3.844117647,2.532258065,2,2,1,3,1.5,2.5,2.5,1.5,1.5,2,2,1,3,3.5,2,2.773764259,2.5,3,2.5,1.5,2.680645161,2,2.5,3.120481928,3.295,2,2.971590909,1.5,2,1.5,3.458333333,3,4,3.416666667,2.34375,3.5,2.858208955,2.5,2.17
2563,100249214,2.5,2.5,4,2,3,2.5,2.95412844,2.507936508,3.60326087,3.844117647,2.532258065,3,3,2.5,4,2.5,3,2,2,2.5,2.5,3.5,2,4,2.5,3,2.773764259,2.977040816,2.5,4,2,2.680645161,2.5,3.5,3.120481928,3.295,3,2.971590909,4,3.5,2.805882353,3.458333333,3.421875,4,3.416666667,2.34375,3.5,2.858208955,3,3.08
2565,100249231,0,4,4,2.5,3.5,2,2.95412844,2.507936508,3.60326087,3.844117647,2.532258065,2,2.5,2.5,1,2,2.5,2,1,1.5,2,3,1.5,2.5,2,3,2.773764259,2.5,1.5,3,2.5,2,3,2.861111111,3.120481928,3.295,2,2.971590909,1.5,2.5,3,3.458333333,3.5,3,3.416666667,2.34375,4,2.858208955,2,2.44
2563,100249235,2,3.5,4,3,3.5,2,2.95412844,2.507936508,3.60326087,3.844117647,2.532258065,2,3,2,4,3,3.5,2,1.5,1.5,2.5,3,2,3,3,3.5,2.773764259,3,2.5,3,1.5,2.680645161,2,3,3.120481928,3.295,2,2.971590909,4,2,2.5,3.458333333,3.5,3.5,3.416666667,2.34375,3.5,2.858208955,3.5,2.75
2563,100249262,1,4,3.5,2,4,2,2.95412844,2.507936508,3.60326087,3.844117647,2.5,3,3,2,3.5,2,2.5,2.5,1,2.5,2,3,2,3,2.5,3,2.773764259,2.977040816,4,4,3.5,3,3,2.861111111,3.120481928,4,3,2.971590909,2.5,3,2.805882353,3.458333333,3.421875,3.5,3.416666667,2.34375,3,2.858208955,2.5,2.71
2563,100249265,1.5,4,4,2.5,3.5,3,2.95412844,2.507936508,3.60326087,4,2.5,2.5,3.5,2,4,3.5,4,3.5,1.5,2.5,2.5,4,2,4,3,4,2.773764259,3.5,2.5,4,3,3.5,3,4,3.120481928,3.295,2.5,2.971590909,3,2.5,3.5,3.458333333,3.421875,3.5,3.416666667,2.34375,4,2.858208955,4,3.13
2563,100249268,1.5,3.5,4,0,2.5,2.5,2.95412844,2.507936508,3.60326087,4,3,3,3,1.5,2.5,2.5,3,2.5,1,2.5,2,3,1.5,3.5,3,2,2.773764259,3.5,3,3.5,2.5,2.5,3,3.5,3.120481928,3.295,3,2.971590909,2.5,2,3,3.458333333,3.421875,3.5,3.416666667,2.34375,4,2.858208955,3,2.66
2563,100249276,2,3,3.5,2,3,2.5,2.95412844,2.507936508,3.60326087,4,2.532258065,2,2.5,1.5,3.5,2.5,4,2,2,2,2,3,2,2.5,3,1,2.773764259,2.5,1.5,2.5,2,2,2,2.861111111,3.120481928,3.295,2,2.971590909,1.5,2.5,2,3.458333333,3.421875,3.303571429,4,2.34375,3.5,2.858208955,3,2.52
2563,100249281,1.5,2.5,3.5,1.5,2,2.5,2.5,2.507936508,3.60326087,3.5,2.532258065,3,1.5,1.5,1,1,2,2,1,2,2,2,1,2,2.5,1.5,2.773764259,2.977040816,3,2.5,2,2.680645161,3,2.861111111,3.120481928,2,3,2.971590909,2,2,2.805882353,3.458333333,3.421875,2,2.5,2.34375,3.5,2.858208955,2.5,2.15
2563,100249287,4,4,3,4,4,2,2.95412844,2.507936508,3.60326087,3.844117647,2.532258065,2,4,3.5,2,4,4,2.5,2.5,2,3,3.5,2,3,2.5,4,2.773764259,3.5,2.5,3.5,1.5,3,2,3,3.120481928,4,2,2.971590909,2.5,2.5,4,3.458333333,3.421875,3.5,3,2.34375,4,2.858208955,3,3.08
2563,100249313,1,2,3.5,1,2,2.5,3,2.507936508,3.60326087,3.844117647,2.532258065,3,3,1,3.5,1.5,2.5,2.5,1,2,2,3,1.5,3,2.5,2.81127451,2.773764259,2,2.5,4,3,2,2.5,2.861111111,3.120481928,3.295,3,4,2.5,2.5,2.5,3.458333333,3.421875,3.303571429,3.5,2.34375,4,2.858208955,3,2.44
2563,100249317,1.5,3.5,3.5,2.5,4,3,2.95412844,2.507936508,3.60326087,4,2.5,3,3.5,1.5,0,2.5,4,2.5,1,1.5,2.5,2.5,2,3.5,4,2.5,2.773764259,2.977040816,2.5,3,2,2,3,2.861111111,3.120481928,4,3,2.971590909,2,2.5,2.805882353,3.458333333,3.421875,3,3.416666667,2.34375,2.5,2.858208955,2.5,2.72
2564,100249331,0,2,4,0,1.5,2.5,3,2.507936508,3.60326087,3.844117647,2.5,2,2,1,2,1,2.5,2.5,1,2,2,2,0,3.5,2,2.81127451,2.773764259,2.977040816,1,2,2,2,2,2.861111111,3.120481928,3.295,2,2.971590909,2,2,2.805882353,3.458333333,3.421875,3,3.416666667,2.34375,3.5,2.858208955,1.5,2.19
2563,100249340,2.5,2,3,0,2,2,2.95412844,2.507936508,3.60326087,4,2.532258065,1.5,2,1,2,3.5,3,2.5,2,2,2,3.5,2,2,2.5,1,2.773764259,2.5,1,2.5,2,2,1.5,2.861111111,3.120481928,3.295,1.5,2.971590909,1.5,2,2,3.458333333,3.421875,3.303571429,3,2.34375,3.5,2.858208955,3,2.34
2563,100249355,1.5,4,4,1.5,4,2.5,3.5,2.507936508,3.60326087,3,2.532258065,4,1.5,2,3.5,2,2.5,4,1.5,4,3,2,2,2.5,3,2.5,2.773764259,3,4,4,4,2.5,4,2.861111111,3.120481928,4,4,2.971590909,2.5,2.5,3.5,3.458333333,3.421875,3.303571429,3,2.34375,4,2.858208955,3,2.81
2563,100249378,1.5,3,4,1,2,2,2.95412844,2.507936508,3.60326087,4,3,2,2,2,4,1.5,2.5,2.5,1,2,2,2.5,2,3.5,2,2.81127451,2.773764259,3.5,2.5,2.5,2.5,3,2,2,3.120481928,3.295,2,2.971590909,3.5,3.5,2.5,3.458333333,3.421875,3.5,3.416666667,2.34375,4,2.858208955,2.5,2.5
2563,100249382,1.5,1.5,3.5,1.5,2,2,2.95412844,2.507936508,3.60326087,3.844117647,2.532258065,2,2,1.5,1.5,1,2,2,1,1.5,1.5,2,1,2,2,2,2.773764259,2.977040816,1.5,2.5,1.5,2.680645161,2,2.861111111,3.120481928,3.295,2,2.971590909,2,2.5,2.805882353,3.458333333,3,3.5,3.416666667,2.34375,3.5,2.858208955,2.5,2.07
2563,100249400,2.5,4,4,3,4,2.5,2.95412844,2.507936508,3.60326087,4,3,3.5,4,3,4,4,4,3.5,2,2.5,3,4,2,4,2.5,4,2.773764259,4,3,4,3,4,3,4,3.120481928,3.295,3.5,2.971590909,3,3.5,3.5,3.458333333,3.421875,4,3.416666667,2.34375,4,2.858208955,4,3.39
2563,100249405,3,2.5,3.5,2,2.5,2,4,2.507936508,3.60326087,4,2,3,2,1.5,3,2.5,3.5,2.5,1,3,2.5,2.5,2,3,3,2,2.773764259,3.5,3.5,4,3.5,3,3,3,3.120481928,3.295,3,2.971590909,2.5,2,4,3.458333333,3.421875,3.5,3.416666667,2.34375,4,2.858208955,1.5,2.63
2563,100249406,0,3.5,3.5,1,4,2.5,2.95412844,2.507936508,3.60326087,4,2.532258065,2,2.5,2.5,3,2.5,2.5,3.5,1,2,2,3.5,1.5,3,2,3,2.773764259,3.5,3,3,2,2.680645161,2.5,3.5,3.120481928,3.295,2,2.971590909,2.5,2.5,3,3.458333333,3.421875,3.303571429,2.5,2.34375,4,2.858208955,2,2.58
2563,100249415,0,3.5,2,1.5,2,0,2.95412844,2.507936508,3.60326087,3.844117647,2.5,0,2,1.5,1,1,2,2,1.5,1.5,2,1.5,1.5,2.5,3,2.5,2.773764259,3,1.5,2.5,1,2.680645161,2,2.861111111,3.120481928,3.295,0,2.971590909,2,2,2.5,3.458333333,3.421875,3,3.416666667,2.34375,2.5,2.858208955,3,2.1
2563,100249416,0,3.5,4,1.5,4,2.5,2.95412844,2.507936508,3.60326087,3.844117647,2.532258065,2,3,2,3,2.5,3.5,2.5,1,2,2,3,2,2.5,2.5,2.5,2.773764259,3,2.5,3,1.5,2.680645161,2,2.861111111,3.120481928,4,2,2.971590909,3,2.5,3,3.458333333,3.421875,4,3.5,2.34375,4,2.858208955,2.5,2.68
2564,100249419,0,2.5,3.5,1,2,2,2.95412844,2.507936508,3.60326087,3.844117647,2.532258065,2,2,1,2,1,3,2,1,2,1.5,1.5,1.5,2,2.5,2.81127451,2.773764259,3.5,2.5,3.5,2.5,2.680645161,2,2.861111111,3.120481928,4,2,2.971590909,3,2,2.5,3.458333333,3.421875,2.5,3,2.34375,2.5,2.858208955,2,2.16
2563,100249428,0,2,4,1,2.5,2.5,2.95412844,2.507936508,3.60326087,3.844117647,3,2.5,2.5,1.5,3,2,2.5,2,0,2.5,2,2,2,2.5,3,2.81127451,2.773764259,2,1.5,3.5,2.5,2,2.5,2.861111111,3.120481928,3.295,2.5,4,1.5,3,3.5,3.458333333,3.421875,3,3.416666667,2.34375,3.5,2.858208955,2.5,2.4
2563,100249434,0,3,3.5,1,3,2,2.95412844,2.507936508,3.60326087,3.844117647,2.532258065,2.5,2.5,2,1,1.5,1.5,2,0,3,2,3,2,3,2.5,1.5,2.773764259,2,2,2.5,3.5,2.680645161,3.5,2.861111111,3.120481928,4,2.5,2.971590909,2,3,2.5,3.458333333,3.421875,4,2.5,2.34375,3,2.858208955,3,2.39
2564,100249457,1.5,2,4,1.5,1,2,2.95412844,2.507936508,3,3.5,2.5,2,1.5,1,1,1,2,2.5,0,2,2,1,1,2.5,2,2.81127451,2.773764259,2.5,1.5,1,1.5,1,2,2,3.120481928,3.295,2,2.971590909,2,2,1,3.458333333,3.421875,3.303571429,3.416666667,2.34375,3,2.858208955,2.5,2.03
2563,100249461,1.5,4,4,1.5,3.5,2,2.95412844,2.507936508,4,3.844117647,2.5,2,2.5,2,4,3,2,2,1,2,2,3.5,2,3,2.5,3,2.773764259,2.5,3,3,3,3.5,2,4,3.120481928,3.295,2,4,2,2,4,3.458333333,3.421875,3,3.416666667,2.34375,4,2.858208955,2.5,2.65
2563,100249463,1.5,4,4,1.5,2.5,2.5,3.5,2.507936508,3.60326087,4,3,1.5,2,1.5,1,2.5,2.5,2,0,3,3,2.5,2,3,2.5,2.81127451,2.773764259,3.5,3,3.5,3,2.5,3,3.5,3.120481928,3.295,1.5,2.971590909,2,2,3,3.458333333,3.421875,3.5,3.416666667,2.34375,4,2.858208955,2.5,2.59
2563,100249498,1,2,3.5,1.5,2,2,2.5,2.507936508,3.60326087,4,2.532258065,1.5,2,1,1.5,1,1.5,2,1,2,2,2.5,1.5,2.5,3,2.81127451,2.773764259,2.5,3,3,2.5,3,2,3,3.120481928,4,1.5,2.971590909,3,2,2.5,3.458333333,3.421875,3.303571429,3.416666667,2.34375,3.5,2.858208955,2,2.17
2563,100249499,2,2.5,4,2,2.5,3,3.5,2.507936508,3.60326087,4,2.532258065,3,2.5,1,2,2,2.5,2,1.5,3,2.5,1.5,1.5,3,2,2.81127451,2.773764259,2.5,2.5,3.5,3,1.5,2.5,2.861111111,3.120481928,3.295,3,2.971590909,2.5,2,2.5,3.458333333,3.421875,3.303571429,3.5,2.34375,3,2.858208955,2,2.45
2563,100249506,0,3,4,0,3,2,2.95412844,2.507936508,3.60326087,4,2.532258065,2,2,2,4,2,2.5,2,1.5,2,2.5,2.5,1.5,2.5,2,1.5,2.773764259,2.5,2,2,2,2.680645161,2,2.861111111,3.120481928,4,2,2.971590909,1.5,3,3,3.458333333,3.421875,4,2.5,2.34375,4,2.858208955,2,2.46
2563,100249518,1.5,4,3.5,1.5,3.5,2.5,2.95412844,2.507936508,3.60326087,3.844117647,2.532258065,1.5,2.5,2,1,2,3,2.5,1,2,2,1.5,1,2.5,2.5,1.5,2.773764259,2,2.5,2,2,2,2.5,2,3.120481928,3.5,1.5,2.971590909,1.5,2.5,3.5,3.458333333,3.421875,3,3.5,2.34375,4,2.858208955,2,2.31
2564,100249527,1.5,3,4,1,3,2.5,2.5,2.507936508,3.60326087,4,2.532258065,2,1.5,1,3,2.5,2,3,0,2,2.5,2.5,1.5,2.5,2.5,2.81127451,2.773764259,2.977040816,2.5,2,1.5,2,2,2.861111111,3.120481928,4,2,2.971590909,3,2,2.805882353,3.458333333,3.421875,3.303571429,3,2.34375,3,2.858208955,1.5,2.27
2564,100260652,1.5,3,4,2.5,3,2.5,4,2.507936508,3.60326087,3.844117647,2.532258065,2,2.5,1.5,2.5,2,2.5,1.5,1.5,3.5,2.5,2.5,2,2,2,2.81127451,2,2.977040816,2,2.5,2.5,2,2,2.861111111,3.120481928,3.295,2,2.971590909,2,2,2.805882353,3.458333333,3.421875,3.303571429,4,2.34375,4,2.858208955,2,2.55
2564,100260653,2.5,4,3.5,2,4,2.5,2.5,2.507936508,4,3.844117647,2.532258065,2.5,2.5,1.5,2.5,2,2.5,2,2,3.5,3.5,1,1.5,2.5,2.5,2.81127451,3.5,2.5,3,3.5,2,2.680645161,2.5,2,3.120481928,3.295,2.5,2.971590909,2.5,2.5,2.805882353,3.458333333,2.5,3.303571429,3,2.34375,2.5,2.858208955,2,2.49
2564,100260658,1.5,2.5,4,2,2,3,3,2.507936508,3.60326087,3.844117647,2.532258065,2,2,1,3,1.5,2,2.5,1.5,3.5,2.5,2,1.5,3,2.5,2.81127451,2.5,2.977040816,2.5,2.5,2,2.5,2,3.5,3.120481928,3.295,2,2.971590909,4,2.5,2.805882353,3.458333333,3.421875,3.303571429,4,2.34375,4,2.858208955,2.5,2.54
2564,100260661,2,2,3.5,1,3,2,3,2.507936508,3.60326087,4,2.532258065,2,2.5,2.5,3,1.5,2.5,2.5,1.5,3.5,3,1.5,2.5,2.5,2.5,2.5,3,2.5,3.5,2.5,2,2.680645161,2,3,3.120481928,3.295,2,2.971590909,4,2.5,2.805882353,3.458333333,3.421875,3.303571429,2.5,2.34375,3,2.858208955,2.5,2.42
2564,100260662,2,4,4,4,3.5,3,3,2.507936508,3.60326087,3.844117647,2.532258065,2,3,2.5,2.5,3,3,2,4,3,2.5,2.5,2,2.5,2.5,3,4,2.5,2,2.5,2,2.680645161,2,3.5,3.120481928,3.295,2,2.971590909,4,3,2.805882353,3.458333333,3.421875,3.303571429,3,2.34375,3.5,2.858208955,2.5,2.92
2564,100260667,1.5,4,4,2,4,2,4,2.507936508,3.60326087,4,2.532258065,4,4,3,4,2.5,4,4,3,4,4,3.5,4,3.5,2.5,4,4,4,4,4,4,2.680645161,4,4,3.120481928,3.295,4,2.971590909,4,3,2.805882353,3.458333333,3.421875,3.303571429,4,2.34375,4,2.858208955,2.5,3.4
2564,100260678,1,2,4,1.5,2,2.5,3.5,2.507936508,3.60326087,4,2.532258065,2,2,2,3,2,2.5,2,1.5,3,2.5,2.5,1,3,2.5,2.81127451,2,3,2.5,3,2,2.680645161,2,2.5,3.120481928,3.295,2,2.971590909,4,2.5,2.805882353,3.458333333,3.421875,3.303571429,3.5,2.34375,3,2.858208955,3.5,2.46
2564,100260684,2.5,2,4,1,1.5,2,2.95412844,2.507936508,3.60326087,3.844117647,2.532258065,3,2,1.5,3,1,1.5,2,1,3,1.5,1.5,1,2,2,2.81127451,3,2,4,3.5,3.5,2.680645161,2.5,2,3.120481928,3.295,3,2.5,2.5,2.5,2.805882353,3.458333333,3.421875,3.303571429,3,2.34375,4,2.5,2,2.15
2564,100260689,1,4,4,2,3.5,2,2.5,2.507936508,3.60326087,3.844117647,2.532258065,2,2,2.5,1.5,1,2.5,2,1,2,2,1.5,1,2,2,2.81127451,2.5,3,2.5,1.5,2.5,2.680645161,2.5,2.861111111,3.120481928,3.295,2,2,3,3.5,2.805882353,3.458333333,3.421875,3.303571429,2.5,2.34375,4,2.858208955,1.5,2.1
2564,100260700,2.5,4,4,2,4,3,4,2.507936508,3.60326087,3.844117647,2.532258065,3,2.5,2.5,3,1.5,3,2.5,1,4,2.5,1.5,2,2,2,2.81127451,4,2.977040816,4,4,4,2.680645161,3,2,3.120481928,3.295,3,2.971590909,2.5,2.5,2.805882353,3.458333333,3.421875,3.303571429,3.5,2.34375,3,2.858208955,2,2.7
2564,100260701,2.5,3,3.5,1.5,2.5,2.5,2.95412844,2.507936508,3.60326087,3.844117647,2.532258065,2.5,2,1.5,2.5,2,2.5,2,1.5,3.5,2,1.5,2,2,2.5,1.5,3,2.977040816,2,3,3,2.680645161,2.5,2.861111111,3.120481928,3.295,2.5,2.971590909,2.5,3,2.805882353,3.458333333,4,3.303571429,4,2.34375,3.5,2.858208955,2.5,2.52
2564,100260717,1,1.5,3.5,1,2.5,2,3,2.507936508,3.60326087,3.844117647,2.532258065,2,2.5,1,2.5,1,2,2,0,2.5,2,2,1.5,2,2.523255814,1.5,2,3,2.5,2.5,2,2.680645161,2,2.861111111,3.120481928,3.295,2,2.971590909,3,2,2.805882353,3.458333333,3.421875,3.303571429,2.5,2.34375,4,2.858208955,2,2.18
2564,100260731,2.5,4,3.5,3,4,2,2.95412844,2.507936508,3.60326087,3.844117647,2.532258065,3,2.5,2.5,3,1,2.5,2,1.5,3.5,2.5,2,1,2,2,3.5,4,2.977040816,3.5,3,3,2.680645161,3.5,2.861111111,3.120481928,3.295,3,2.971590909,1.5,3,3,3.458333333,3.5,3.303571429,3,2.34375,3,2.858208955,1.5,2.65
2564,100260747,1.5,3.5,4,2,3.5,2.5,2.95412844,2.507936508,3.60326087,4,2.532258065,3,3,2,3,2,3,2,2,4,3,2,2,2,2.5,2.81127451,3,2.977040816,3.5,3.5,2.5,2.5,3,2.861111111,3.120481928,3.295,3,2.971590909,2,3,2.805882353,3.458333333,3.421875,3.303571429,4,2.34375,4,2.858208955,2.5,2.71
2564,100260763,2,4,4,1.5,2,2,2.95412844,2.507936508,4,3.844117647,2.532258065,3.5,2.5,1.5,2.5,1.5,2.5,2,1.5,3.5,3,1.5,2,2.5,2,2.81127451,2,3.5,4,3,4,2.680645161,2,2.5,3.120481928,3.295,3.5,2.971590909,2,3,2.805882353,3.458333333,3.421875,3.303571429,3,2.34375,3.5,2.858208955,2,2.43
2564,100260771,2.5,4,4,1,4,2.5,2.95412844,2.507936508,3.60326087,3.844117647,2.532258065,2.5,2.5,1.5,3,1.5,2.5,2.5,1,4,2,2,1.5,3,2,4,3.5,3,3.5,3.5,3.5,2.680645161,2,4,3.120481928,3.295,2.5,2.971590909,2,2.5,2.805882353,3.458333333,2.5,3.303571429,3.5,2.34375,4,2.858208955,2,2.61
2564,100260773,1.5,3.5,4,1.5,2,2.5,2.95412844,2.507936508,3.60326087,4,2.532258065,2.5,2.5,1.5,2.5,1.5,2,2,1,4,1.5,1.5,0,2,2,2.81127451,2,2.977040816,1.5,2.5,2,2,2,2.861111111,3.120481928,3.295,2.5,2.971590909,2,2.5,2.805882353,3.458333333,3.421875,3.303571429,4,2.34375,3.5,2.858208955,2,2.3
2564,100260774,2.5,4,4,1.5,4,2.5,2.5,2.507936508,3.60326087,4,2.532258065,3,4,4,3.5,2.5,3.5,2.5,3.5,4,4,2.5,2.5,4,2.5,4,4,3.5,3.5,3.5,3.5,2.680645161,3,4,3.120481928,3.295,3,2.971590909,4,3,2.805882353,3.458333333,3.421875,3.303571429,4,2.34375,3,2.858208955,2.5,3.13
2564,100260780,1.5,2.5,4,2,3,2,2.5,2.507936508,3.60326087,3.844117647,2.532258065,3,2.5,1.5,3,1.5,3,2,2,3.5,2.5,1.5,2,3,2,2.81127451,2.5,2,3,3.5,3.5,2.680645161,2.5,2,3.120481928,3.295,3,2.971590909,2.5,2.5,2.805882353,3.458333333,3.421875,3.303571429,3,2.34375,3,2.858208955,2,2.42
2564,100260798,3,3,4,2.5,2,2,2,2.507936508,3.60326087,3.844117647,2.532258065,2,1.5,1,2.5,1,1.5,2,1,3.5,1.5,1,0,2,2.523255814,1,2,3,2.5,2.5,3,1.5,2,1,3.120481928,3.295,2,2.971590909,2,2,2.805882353,3.458333333,3.421875,3.303571429,2,2.34375,3.5,2.858208955,1.5,2.11
2564,100260799,2.5,2,4,0,3,2,2.95412844,2.507936508,3.60326087,3.844117647,2.532258065,2,2,1,2.5,2,2,2.5,1.5,4,2,1,1.5,3,2,2,2.5,2.977040816,2,3.5,3,2.680645161,2.5,2.861111111,3.120481928,3.295,2,2.971590909,3,2.5,2.805882353,3.458333333,4,3.303571429,3,2.34375,4,2.858208955,2.5,2.38
2564,100260827,2.5,4,4,3,4,2.5,2.95412844,2.507936508,3.60326087,3.844117647,2.532258065,3.5,3.5,2,3.5,2.5,2.5,2,2,4,3.5,2,2,3,2.523255814,2.81127451,3.5,3,4,3.5,4,2.680645161,3,2.861111111,3.120481928,3.295,3.5,3.5,2.5,3.5,2.805882353,3.458333333,4,3.303571429,4,2.34375,4,2.858208955,3.5,3.03
2564,100260842,2,3.5,4,3.5,4,2,1.5,2.507936508,3.60326087,3.844117647,2.532258065,2.5,1.5,1.5,2.5,2,2.5,2,1.5,4,1,3,1,2,2.5,2.81127451,1.5,2.977040816,3,3.5,3.5,1,3,2.861111111,3.120481928,3.295,2.5,2.971590909,3,3,2.805882353,3.458333333,3.421875,3.303571429,3.5,2.34375,4,2.858208955,2,2.33
2564,100260844,1,2.5,4,2,2,2,3.5,2.507936508,3.60326087,3.844117647,2.532258065,2,2,1,3,1.5,2,1.5,1.5,3,3,1.5,0,3,2.5,2,3,2.977040816,1.5,3,2.5,2.680645161,2,2.5,3.120481928,3.295,2,2.971590909,2.5,2,2.805882353,3.458333333,3.421875,3.303571429,3.5,2.34375,2.5,2.858208955,4,2.42
2564,100260850,2.5,2,3,1,1.5,1.5,2.95412844,2.507936508,4,3.844117647,2.532258065,2,2,1,2,2,1.5,2,2,2.5,2,2,1.5,2,2,2.81127451,2,2.5,3.5,3,3,2.680645161,2.5,2,3.120481928,3.295,2,2.971590909,2,2,2.805882353,3.458333333,2.5,3.303571429,3,2.34375,3,2.858208955,2,2.14
2564,100260860,2.5,3,3.5,1.5,2,1,2.95412844,2.507936508,3.60326087,3.844117647,2.532258065,2.5,3,2,2.5,2,2,2.5,1.5,4,3,3,2,3.5,2.5,2.5,2,3,3.5,3.5,3,2.680645161,2.5,3.5,3.120481928,3.295,2.5,2.971590909,2.5,2.5,2.805882353,3.458333333,3.421875,3.303571429,3,2.34375,3.5,2.858208955,2.5,2.55
2564,100260864,3,4,4,3,4,2.5,2.95412844,2.507936508,3.60326087,3.844117647,2.532258065,2,4,4,3.5,2.5,4,2,2.5,2.5,3.5,2.5,2.5,2.5,3.5,2.5,4,3.5,2.5,1.5,3.5,3,2,2.861111111,3.120481928,3.5,2,2.971590909,2,3.5,2.805882353,3.458333333,4,3.303571429,3.5,2.34375,4,2.858208955,2.5,3.1
2564,100260885,2.5,4,3.5,2,4,3,2.5,2.507936508,4,3.844117647,2.532258065,3.5,3,3.5,2,2,2.5,2.5,1.5,4,1,1.5,2,3.5,2.523255814,3.5,4,2.5,4,2.5,4,2.680645161,4,2.861111111,3.120481928,3.295,3.5,2.971590909,3,3.5,3,3.458333333,3.5,3.303571429,3.5,2.34375,3.5,2.858208955,3.5,2.79
2564,100260890,2,1.5,3.5,2,2,2,2.95412844,2.507936508,3.60326087,4,2.532258065,2,2.5,1.5,3,2.5,3,2.5,2,3,3.5,2,2,2.5,3,2.81127451,2,3,3,2.5,3,2.680645161,2,3,3.120481928,3.295,2,2.971590909,4,2,2.805882353,3.458333333,4,3.303571429,3.5,2.34375,3.5,2.858208955,3.5,2.62
2564,100260892,1.5,3.5,4,2,4,2,2.5,2.507936508,3.60326087,3.844117647,2.532258065,2.5,1.5,1.5,3,1.5,2.5,2.5,1,3,2.5,2,0,2,2,2.81127451,2.5,2,3.5,3.5,3,2.680645161,3,2,3.120481928,3.295,2.5,2.971590909,2.5,2.5,2.805882353,3.458333333,3.421875,3.303571429,3.5,2.34375,2,2.858208955,2,2.37
2564,100260909,1.5,4,3.5,3.5,4,2,2.95412844,2.507936508,3.60326087,4,2.532258065,2.5,2.5,2,1.5,1,2,2,2,3.5,1.5,2.5,1,3,3,4,3.5,2,3,3.5,1.5,2.680645161,2,3,3.120481928,3.295,2.5,2.971590909,2,3.5,2.805882353,3.458333333,3.421875,3.303571429,4,2.34375,4,2.858208955,2,2.58
2565,100260912,2.5,4,4,2.5,4,2.5,2.95412844,2.507936508,4,3.844117647,2.532258065,2,2.5,2.5,2.5,2.5,4,3,2,4,3.5,4,0,2.5,3.5,4,3.5,3.5,4,3.5,4,2.5,3.5,2.861111111,3.120481928,3.295,2,3.5,3,2.5,2.805882353,3.458333333,3.421875,3.303571429,1.5,2.34375,4,2.858208955,3.5,3.01
2565,100260920,2.5,3.5,4,2.5,4,2.5,3.5,2.507936508,3.60326087,3.844117647,2.532258065,4,2.5,1,2.5,1.5,4,2,1.5,3.5,2,2,1.5,2.5,2.5,1.5,2,1.5,4,1,4,2.680645161,4,2.861111111,3.120481928,3.295,4,3.5,2.5,3,2.805882353,3.458333333,3.421875,3.303571429,3.5,2.34375,3,2.5,1.5,2.6
2564,100260921,1.5,4,4,1,4,2,2,2.507936508,3.60326087,3.844117647,2.532258065,2,3.5,2.5,3,2,2,2,1.5,3.5,2.5,2.5,1,2,3,2.5,3.5,2.977040816,3,3,2.5,2.680645161,2,4,3.120481928,3.295,2,2.971590909,4,2.5,2.805882353,3.458333333,3.421875,3.303571429,2,2.34375,4,2.858208955,2.5,2.54
2564,100260935,2,3.5,3,1.5,2,2.5,3,2.507936508,3.60326087,3.844117647,2,2,2.5,1.5,2.5,1.5,1.5,2,1,3.5,3.5,2,1.5,2.5,2,1.5,3,2.977040816,3,2,2.5,2.680645161,2,2.861111111,3.120481928,3.295,2,2.971590909,2.5,2.5,2.805882353,3.458333333,3.421875,3.303571429,3,2.34375,2.5,2.5,2,2.22
2564,100260960,1,4,4,2,4,3,2.5,2.507936508,3.60326087,3.844117647,2.532258065,2.5,2,2.5,2.5,2,2,2,1.5,4,3.5,2,1.5,3,2.5,2.5,3,2.5,4,2.5,3.5,2.680645161,2.5,2.5,3.120481928,3.295,2.5,2.971590909,2.5,2.5,2.805882353,3.458333333,3.421875,3.303571429,3.5,2.34375,3.5,2.858208955,2.5,2.65
2564,100260971,1,1.5,3,0,2,2,3.5,2.507936508,3.60326087,3.844117647,2.532258065,1,1,1,2.5,1,2,2,1.5,3.5,2,2.5,0,2,2,2.81127451,2,2.977040816,1.5,2,2,2.680645161,2,2,3.120481928,3.295,1,2.971590909,2.5,2,2.805882353,3.458333333,3.421875,3.303571429,2,2.34375,3,3,4,2.16
2564,100260972,2,2,4,1.5,2,2.5,2.95412844,2.507936508,3.60326087,4,2.532258065,2,1.5,0,2.5,2,2,1.5,1.5,3,2.5,2.5,2.5,2.5,2,2.81127451,3,3,2.5,2,2,2.680645161,2,3,3.120481928,3.295,2,2.971590909,4,2.5,2.805882353,3.458333333,4,3.303571429,4,2.34375,4,2.858208955,3.5,2.47
2564,100260987,2.5,1.5,3.5,1.5,1,2,2.95412844,2.507936508,3.60326087,4,2.532258065,2,1,1,3.5,1.5,1,2.5,0,3,3,1.5,0,2.5,3,2.81127451,2.5,3,3,3.5,2.5,2,2,2.5,3.120481928,3.295,2,2.971590909,4,2,2.805882353,3.458333333,3.421875,3.303571429,3,2.34375,3,2.858208955,3.5,2.38
2564,100260991,2,3.5,4,1.5,4,2,2.5,2.507936508,3.60326087,4,2.532258065,3.5,3.5,4,2.5,2.5,3,3,2.5,4,4,3,4,3.5,2.5,3,3.5,3.5,3,3.5,4,2.680645161,3,4,3.120481928,3.295,3.5,2.971590909,4,3.5,2.805882353,3.458333333,3.421875,3.303571429,3.5,2.34375,3.5,2.858208955,3,3.16
2564,100261022,3,4,4,3.5,4,3,2.95412844,2.507936508,4,3.844117647,2.532258065,3.5,3,1.5,3,3,4,3.5,3,4,4,3.5,1.5,2.5,2.5,4,3.5,3,4,2.5,4,3,3,2.861111111,3.120481928,3.295,3.5,3.5,3.5,3.5,2.805882353,3.458333333,3.421875,3.303571429,2,2.34375,4,2.858208955,4,3.14
2564,100261023,2.5,3,3,3.5,4,2.5,2.95412844,2.507936508,3.60326087,3.844117647,2.532258065,2,3,2.5,2,3,1.5,2,2,4,3,2,2,2.5,2,3,2.5,2.977040816,4,4,3.5,2.680645161,2.5,2.861111111,3.120481928,3.295,2,2.971590909,3,2.5,2.805882353,3.458333333,3,3.303571429,3,2.34375,3.5,2.858208955,2,2.71
2564,100261031,2,4,4,1.5,4,2,3,2.507936508,4,3.844117647,2.532258065,1.5,3,2.5,2.5,2,2.5,3,1.5,2.5,3.5,2.5,1,3.5,3.5,3,3,3,3,2.5,3,3.5,2,2.861111111,3.120481928,3.295,1.5,2.971590909,3.5,2.5,2.805882353,3.458333333,3.5,3.303571429,2,2.34375,4,2.858208955,3.5,2.72
2564,100261038,1.5,2,3,1.5,2.5,2.5,2.95412844,2.507936508,3.60326087,3.844117647,2.532258065,2,2,1.5,2.5,1.5,2.5,2,1.5,4,3,1.5,2,2,2.5,1.5,3.5,2.977040816,3.5,3,3.5,2.680645161,3,2.861111111,3.120481928,3.295,2,2.971590909,2,3,2.805882353,3.458333333,4,3.303571429,2.5,2.34375,3,2.858208955,2.5,2.47
2564,100261047,3,4,4,3.5,4,2.5,3,2.507936508,3.60326087,4,2.532258065,3,3.5,3,4,2.5,4,3,3.5,4,4,3.5,4,3.5,2.5,4,4,4,3.5,3.5,4,2.680645161,3,4,3.120481928,3.295,3,2.971590909,4,3.5,2.805882353,3.458333333,3.421875,3.303571429,4,2.34375,4,2.858208955,3.5,3.44
2564,100261054,2.5,2,3.5,1.5,2,2.5,3,2.507936508,3.60326087,3.844117647,2.532258065,2,2.5,2,3,1.5,2.5,1.5,1,3.5,2,2.5,2,3,2,2.81127451,3.5,3,3.5,4,4,2.680645161,3,2.861111111,3.120481928,3.295,2,2.971590909,3,2.5,2.805882353,3.458333333,3.421875,3.303571429,2.5,2.34375,4,2.858208955,2,2.59
2564,100261059,1.5,1.5,3.5,1,2,2.5,2.95412844,2.507936508,3.60326087,4,2.532258065,2,2.5,1.5,3.5,1,2,2,1.5,3.5,2.5,3,1,2.5,2.5,2.81127451,2.5,3,3,3.5,2.5,2.680645161,2,3,3.120481928,3.295,2,2.971590909,4,2.5,2.805882353,3.458333333,3.421875,3.303571429,3.5,2.34375,2.5,2.5,3.5,2.52
2564,100261060,1,2.5,4,1.5,2.5,2,3.5,2.507936508,3.60326087,3.844117647,2.532258065,2,2,0,2,1,2,2,0,4,3,1.5,1.5,2.5,3,2,2,2,3,2.5,2.5,1,2.5,2.861111111,3.120481928,3.295,2,2.971590909,2,2.5,2.805882353,3.458333333,3.421875,3.303571429,2.5,2.34375,4,2.858208955,1.5,2.31
2564,100261080,1.5,2.5,3.5,2.5,3.5,2.5,2.95412844,2.507936508,3.60326087,4,2.532258065,2,3,1.5,2.5,2,3,2,1.5,4,3,2,1,2,2.5,2.81127451,3.5,2,3.5,3.5,3,2.680645161,3,2.861111111,3.120481928,3.295,2,2.971590909,2,2.5,2.805882353,3.458333333,3.421875,3.303571429,4,2.34375,4,2.858208955,2,2.6
2564,100261093,1,2,4,1.5,2,2.5,2.95412844,2.507936508,3.60326087,4,2.532258065,2,2.5,1,2.5,1.5,2.5,2,1,4,2.5,1.5,2,2.5,2,2.81127451,3,2.977040816,3,4,3.5,2.5,3,2.861111111,3.120481928,3.295,2,2.971590909,2,2.5,2.805882353,3.458333333,3.421875,3.303571429,4,2.34375,4,2.858208955,2.5,2.57
2565,100261094,2,1.5,3,2,2,2.5,2.95412844,2.507936508,3.60326087,3.844117647,2.532258065,1,1.5,1,2.5,1.5,2,2,1.5,3,3,2,1,2,2,1.5,2.5,2.977040816,1.5,2,1.5,2.680645161,2,2.861111111,3.120481928,3.295,1,2.971590909,3,2,2.805882353,3.458333333,3.421875,3.303571429,3.5,2.34375,4,2.858208955,2,2.07
2564,100261096,2,4,3.5,2,4,3,2.95412844,2.507936508,3.60326087,4,2.532258065,3,4,3,2.5,2.5,3,2,3,4,4,3,2,3.5,4,2.81127451,4,2.977040816,3.5,3,3.5,4,3,4,3.120481928,3.295,3,2.971590909,4,2,2.805882353,3.458333333,3.421875,3.303571429,3,2.34375,4,2.858208955,3,3.17
2565,100261098,2,2,4,1,2,1.5,4,2.507936508,3.60326087,3.844117647,2.532258065,1.5,1.5,0,2.5,1,1.5,1.5,1,3.5,2,2.5,1.5,2,2,2.81127451,2.5,2,1.5,1,2,2.680645161,2,2.861111111,3.120481928,3.295,1.5,2.971590909,2,2,2.805882353,3.458333333,2.5,3.303571429,3,2.34375,3.5,2.858208955,1.5,2.06
2565,100261105,2,4,4,1.5,2,3,2.95412844,2.507936508,3.60326087,3,2.532258065,2,1,1,2,1,2,2,1,3,0,2,0,2.5,2,2,2,3.5,2,2,2,2.680645161,2.5,2.861111111,3.120481928,3,2,2.971590909,3,2.5,3.5,3.458333333,3.421875,3.303571429,3,2.34375,3,2.858208955,1.5,2.21
2564,100261108,2.5,2,3.5,1.5,2,2,2.95412844,2.507936508,3.60326087,3.844117647,2.532258065,2,2,1,2,1.5,2.5,2,1,4,3,2.5,2,2,2.5,2.5,2.5,2.977040816,3.5,2.5,3,2.680645161,3.5,2.861111111,3.120481928,3.295,2,2.971590909,3,2.5,2.805882353,3.458333333,3.421875,3.303571429,3,2.34375,3,2.858208955,2,2.39
2564,100261112,2,1.5,4,0,2,2.5,3,2.507936508,3.60326087,4,2.532258065,2,1.5,1.5,2.5,1,1.5,2,1.5,2.5,3,2,2,2,2.5,1.5,3.5,2.5,3,2.5,2,2.680645161,2,2.5,3.120481928,3.295,2,2.971590909,4,2.5,2.805882353,3.458333333,3.421875,3.303571429,3.5,2.34375,4,2.858208955,3,2.24
2564,100261121,1.5,2,3.5,2,2,3.5,4,2.507936508,4,3.844117647,2.532258065,2,1.5,1.5,3,1.5,1.5,2.5,1,3,3,3.5,1,2.5,2.5,1.5,3,2.977040816,3.5,2.5,3,2.680645161,2,3,3.120481928,3.295,2,2.971590909,2,2.5,2.805882353,3.458333333,3.421875,3.303571429,3.5,2.34375,2.5,2.858208955,4,2.54
2564,100261126,2,2,4,1.5,2,3,2.95412844,2.507936508,3.60326087,4,2.532258065,2,3,1,3.5,1,2.5,2,1.5,4,2.5,3,1,2.5,2.5,2.81127451,2,2,3,3,3,2.680645161,2.5,2.861111111,3.120481928,3.295,2,2.971590909,2,2.5,2.805882353,3.458333333,3.421875,3.303571429,4,2.34375,4,2.858208955,2,2.53
2564,100261135,2,1.5,3.5,1,2,2.5,2.95412844,2.507936508,3.60326087,4,2.532258065,2,1.5,1,2.5,1,2,1.5,0,3.5,2,1,1,2,2.5,2.81127451,1.5,2,1.5,2.5,2,2.680645161,2,2.861111111,3.120481928,3.295,2,2.971590909,2,2,2.805882353,3.458333333,3.421875,3.303571429,3,2.34375,4,2.858208955,2,2.05
2564,100261149,1,3,3.5,2.5,4,3,2.95412844,2.507936508,3.60326087,4,2.532258065,3,2.5,1.5,2.5,2,3,2,2.5,4,3,2,1.5,2.5,3,2.81127451,4,2.977040816,3.5,4,4,3,3,3.5,3.120481928,3.295,3,2.971590909,4,2.5,2.805882353,3.458333333,3.421875,3.303571429,2.5,2.34375,4,2.858208955,2.5,2.84
2564,100261151,1,3.5,3.5,1,4,3,2.95412844,2.507936508,3.60326087,4,2.532258065,2,2,2,2.5,2,1.5,2,1.5,2.5,3.5,2,1.5,2.5,3,2.5,3.5,2.977040816,2.5,3,3,3,2,2.861111111,3.120481928,3.295,2,2.971590909,4,2.5,2.805882353,3.458333333,3.421875,3.303571429,3,2.34375,4,2.858208955,2.5,2.47
2564,100261153,2.5,3.5,3.5,3.5,4,3,2.95412844,2.507936508,3.60326087,4,2.532258065,2.5,2.5,2,4,2,4,2.5,4,4,3,3.5,2,3,4,2.81127451,4,2.977040816,3,4,4,4,2.5,4,3.120481928,3.295,2.5,2.971590909,4,2.5,2.805882353,3.458333333,3.421875,3.303571429,4,2.34375,2.5,2.858208955,3,3.28
2564,100261194,1.5,3.5,3,2.5,4,2.5,2.95412844,2.507936508,3.60326087,4,2.532258065,1,2,1.5,2.5,1.5,2.5,2,2,3,3,2.5,0,2.5,2,1.5,3.5,2.977040816,2,2.5,2,2.680645161,2,2.861111111,3.120481928,3.295,1,2.971590909,3,2,2.805882353,3.458333333,3.421875,3.303571429,3,2.34375,4,2.858208955,2,2.39
2565,100261230,2,2.5,4,1,2.5,1.5,3.5,2.507936508,3.60326087,3.844117647,2.532258065,0,2,2.5,1.5,1,2,2,1,3,2,2.5,1.5,2,2.5,2.5,2,2.977040816,3,0,2.5,2.680645161,2,2,3.120481928,3.295,0,2.971590909,2,3.5,2.805882353,3.458333333,3.421875,3.303571429,2.5,2.34375,3.5,2.858208955,2,2.28
2564,100261235,3.5,4,4,4,4,3,4,2.507936508,3.60326087,4,2.532258065,4,4,4,3,3.5,4,3.5,4,4,4,3.5,4,4,2.5,4,3.5,4,4,4,4,2.680645161,3.5,4,3.120481928,3.295,4,2.971590909,4,2.5,2.805882353,3.458333333,3.421875,3.303571429,4,2.34375,4,2.858208955,2.5,3.59
2564,100261237,2,4,3.5,3,3.5,1.5,3,2.507936508,4,3.844117647,2.532258065,2,3,2.5,3,2,3,2.5,1.5,3,4,2.5,2,3,3,2.5,3.5,2.977040816,3,1.5,2,2.680645161,2.5,3.5,3.120481928,3.295,2,2.971590909,3,2.5,2.805882353,3.458333333,3.421875,3.303571429,2.5,2.34375,4,2.858208955,4,2.77
2564,100261275,2,4,3.5,2.5,4,3,2.95412844,2.507936508,3.60326087,3.844117647,2.532258065,3,2.5,2,2,1.5,3,2.5,1.5,4,4,2,2,4,2.5,3,3.5,2.977040816,3.5,3,3,2.680645161,3,4,3.120481928,4,3,4,2,4,2.805882353,3.458333333,3.5,3.303571429,3.5,2.34375,4,2.858208955,4,2.9
2565,100263612,2,3,3,1,2,2,3.5,2.507936508,3,3.844117647,2,1,1,1,2.5,2,1.5,2.5,0,3,2,2,2,2.5,1.5,2,3,2.977040816,1,2.94005848,2,2.680645161,2,2.861111111,3.120481928,2.5,1,2,1.5,2.838709677,2.805882353,3.458333333,3.421875,3.303571429,4,2.5,2.5,2,2.599415205,2
2566,100269146,2,2,4,2.5,2,2.5,2.95412844,2.507936508,3.60326087,3.844117647,2.5,2,2.5,1,2,1.5,2.5,2.5,1,1,1,1,0,2.5,2.523255814,2.81127451,2,2.977040816,3.5,2,2.5,2.680645161,3,2.861111111,2.5,3.295,2,2.971590909,2.5,3.5,2.805882353,3.458333333,3.421875,1,3.416666667,2.34375,2.5,2,1,2.14
2565,100269314,2,2,4,1,2,3,2.95412844,2.507936508,3.60326087,3.844117647,2.5,2.5,3,1,2.5,2,3,1,1,1,1,1.5,1,2.5,2.523255814,2.81127451,3.5,2.977040816,4,3,2.5,2.680645161,3.5,2.861111111,3.120481928,3.295,2.5,2.971590909,2.5,3,2.805882353,3.458333333,3.421875,4,3.416666667,2.34375,2.5,2,2,2.35
2565,100270640,3,3.5,4,3,4,3,2.95412844,2.507936508,3,3.844117647,2.5,4,4,3,3,3,3,2.5,3,4,3.5,3.5,3,4,2.5,4,4,4,4,4,4,3.5,4,2.861111111,3.120481928,3.295,4,2.971590909,2.5,4,2.805882353,3.458333333,4,3.303571429,3.416666667,2.34375,4,2.858208955,3.5,3.36
2565,100270662,2,2,3.5,1.5,2.5,2,2.95412844,2.507936508,3,4,1.5,2,2.5,1.5,2.5,2,1.5,3,2,2.5,1.5,1,2,2.5,2.523255814,4,2.773764259,2.977040816,3,1,2.5,1,3,2,3,3.295,2,2.971590909,2.5,2.838709677,2.805882353,3.458333333,3.421875,2.5,3.416666667,2.34375,2.5,2.858208955,2,2.31
2565,100270678,2.5,2.5,4,3,2.5,3.5,2.95412844,2.507936508,4,4,2.5,2.5,3.5,2.5,2.5,2,4,2,2.5,3,2.5,1.5,2.5,3.5,2.5,2.81127451,2.773764259,3.5,4,4,3,3.5,3.5,3,3.120481928,3.295,2.5,2.971590909,1.5,3.5,2.805882353,3.458333333,3.421875,3.5,3.416666667,2.34375,3.5,2.858208955,3.5,3
2565,100270688,3,3,4,3,4,2.5,3.5,2.507936508,4,3.844117647,1.5,3.5,3.5,2.5,3,2,2.5,2.5,2.5,3.5,3,2.5,2,2.5,2.523255814,2,4,2.977040816,4,3,3.5,2.680645161,4,3,2.5,3.295,3.5,2.971590909,2,3.5,2.805882353,3.458333333,3.421875,3.303571429,4,2.34375,4,4,3.5,3.05
2565,100270697,2.5,4,4,0,4,2.5,2.95412844,2.507936508,4,3.844117647,2.5,2.5,4,1.5,3,2,2,3,2,3,4,1.5,3.5,3.5,2.523255814,4,3.5,3.5,4,4,3.5,3.5,2.5,3.5,3.5,3.295,2.5,2.971590909,3.5,3,2.805882353,3.458333333,3.421875,3.303571429,4,2.34375,4,3.5,3,3.08
2565,100270705,2,2.5,4,2,2,2.5,2.95412844,2.507936508,3.5,4,1.5,2,2,1.5,2.5,1.5,3,2,1.5,2,2,1.5,1.5,2,2.5,2.81127451,2.773764259,2.977040816,3.5,1.5,1,2.5,2,1.5,3.5,3.295,2,2.971590909,1.5,2,2.805882353,3.458333333,3.421875,3,3.416666667,2.34375,3.5,2.858208955,2.5,2.21
2565,100270712,4,2,3.5,3,3,2,2.95412844,2.507936508,3,4,2,2,2,3,3,2,2,2.5,2,3,1.5,1.5,1.5,2.5,2.523255814,3,3.5,1.5,3.5,1.5,3,2.680645161,3,1.5,3.5,3.5,2,2.971590909,1,2.838709677,2.805882353,3.458333333,3.421875,3.303571429,3.416666667,2.34375,2.5,2.858208955,1.5,2.48
2565,100270720,2.5,2.5,4,2,2,2.5,2.95412844,2.507936508,3.5,4,2,2,2,2.5,2.5,2,2,3,2,3.5,3,3.5,2.5,2.5,2.5,2,3,3.5,4,3,2.5,2.5,3,2.861111111,3.120481928,3.295,2,2.971590909,2,2.838709677,2.805882353,3.458333333,3.421875,3.5,4,2.34375,4,3,3,2.7
2566,100270750,2.5,2.5,4,0,3,2,2.95412844,2.507936508,4,4,1.5,2,2,1.5,2,1,1.5,2.5,0,2.5,2,1,2,2.5,2,2,3.5,2.5,4,2.5,2.5,2.680645161,3,2.861111111,2.5,3.295,2,2.971590909,3.5,2.838709677,2.805882353,3.458333333,3.421875,3,3.416666667,2.34375,4,2.858208955,1.5,2.16
2566,100270751,2.5,2.5,4,2,3,2.5,3.5,2.507936508,4,4,2,2,2,1.5,3,2,3,2.5,3.5,3,4,1.5,3.5,2.5,2.523255814,2.81127451,2.5,2.977040816,4,3.5,3,1,3,2,2.5,3.295,2,2.971590909,2.5,3.5,2.805882353,3.458333333,3.421875,3.5,4,2.34375,4,3.5,3.5,2.78
2565,100270770,2.5,2.5,4,2,3,2.5,2.95412844,2.507936508,3,3.844117647,2,3,2.5,3,2.5,2,2,3,1.5,3.5,4,1.5,3,2.5,2.5,2,3,2.977040816,4,3,3.5,2.680645161,4,2,4,3.295,3,2.971590909,2.5,2.838709677,2.805882353,3.458333333,3.421875,3.303571429,4,2.34375,4,2.858208955,2.5,2.73
2565,100270772,3,2,4,0,2.5,3,2.95412844,2.507936508,3,4,2,2.5,3,2,3,2,1.5,2,1.5,3,3,2.5,2.5,3,2.5,3.5,4,2.977040816,4,2.5,3.5,2.680645161,4,2.861111111,3.120481928,3.295,2.5,2.971590909,1.5,4,2.805882353,3.458333333,3.421875,3.5,3.416666667,2.34375,3.5,2,2.5,2.71
2566,100270775,2,2,4,1.5,2,2,2.95412844,2.507936508,3,4,1.5,2,1.5,1.5,2,1.5,1.5,2,1,3.5,1.5,1.5,1,3,2.5,1.5,1.5,2.977040816,3,1,1,2.680645161,3,1.5,3.120481928,3.5,2,2.971590909,1,2.838709677,2.805882353,3.458333333,3.421875,3.303571429,3,2.34375,3,2.858208955,1.5,2.07
2565,100270785,4,4,3.5,4,4,2.5,4,2.507936508,3.5,3.844117647,2,4,4,3.5,3,3,4,3,4,4,4,3.5,3,3.5,3,4,2.773764259,4,4,4,4,2.680645161,4,2.861111111,3.120481928,3.295,4,2.971590909,3.5,4,2.805882353,3.458333333,4,3,3.416666667,2.34375,4,4,4,3.63
2565,100270787,3,2.5,3.5,2.5,3,2,2.95412844,2.507936508,3,3.844117647,3,2,2.5,3,3,2,2.5,3,2.5,3,3.5,2.5,2.5,3.5,3,4,2.5,4,4,3.5,3,3,2.5,2.861111111,3.120481928,3.295,2,1.5,2.5,3,2.805882353,3.458333333,4,3.303571429,3.416666667,2.34375,4,2.858208955,3,2.76
2565,100270803,2,2,4,1.5,2,2.5,2.95412844,2.507936508,3.5,3.844117647,2.5,2.5,2,2,3,2,1.5,2.5,1,2.5,3,2,2,3.5,2.5,4,3.5,3,4,3.5,2.5,2.680645161,3.5,2.861111111,3.5,3.295,2.5,2.971590909,2,4,2.805882353,3.458333333,3.421875,3.303571429,3.416666667,2.34375,4,2.858208955,2.5,2.47
2565,100270815,2,4,4,1.5,4,3,2.95412844,2.507936508,3,3.844117647,3,3,4,4,2,2.5,2.5,2.5,2,3,2.5,1.5,2,4,2.523255814,3.5,4,3.5,4,2.5,3,2.680645161,4,3,3,3.295,3,2.971590909,2.5,4,2.805882353,3.458333333,3.421875,3.303571429,3.416666667,2.34375,3.5,2.858208955,2.5,2.78
2565,100270818,2.5,2,4,1.5,2,2.5,2.95412844,2.507936508,3,3.844117647,2.5,2,3.5,4,2.5,2.5,2.5,2.5,2,2.5,2.5,2.5,3,3.5,3.5,4,3,4,4,3.5,3,3.5,3,2.861111111,3.120481928,3.295,2,2.5,2.5,3,2.805882353,3.458333333,3,3.303571429,3.416666667,2.34375,4,2.858208955,2.5,2.72
2565,100270829,3,3,4,3,3,2.5,2.95412844,2.507936508,3,3.844117647,3,4,4,3,3,2.5,3,2.5,3,4,4,2,3,3.5,3.5,3,4,2.977040816,4,4,4,4,4,2.861111111,3.120481928,3.295,4,2.971590909,1.5,4,2.805882353,3.458333333,3.421875,4,3.416666667,2.34375,4,2.858208955,3,3.14
2565,100270830,3,2,4,3,3.5,2.5,2.95412844,2.507936508,3,4,2.5,2,4,2.5,3,2,2.5,2.5,2.5,3,2.5,2,2,2.5,2.523255814,3.5,2.773764259,2.977040816,3.5,2,2,2.680645161,3.5,2,3,4,2,2.971590909,1,2.838709677,2.805882353,3.458333333,3.421875,3,3.416666667,2.34375,4,2.858208955,2.5,2.7
2565,100270831,3.5,3.5,3.5,1.733918129,2,3,2.95412844,2.507936508,3,4,3,2.5,2,2,3,2,3.5,2.5,2.5,3,1.5,1.5,1.5,2.5,2.523255814,3,3,1.5,3.5,2,2,2.680645161,2.5,2,3.5,4,2.5,2.971590909,1,2.838709677,2.805882353,3.458333333,3.421875,3.303571429,3.416666667,2.34375,2.5,2.858208955,1.5,2.54
2565,100270833,2.5,1.5,3.5,1.5,2,2.5,2.95412844,2.507936508,3,4,2.5,2,2,2.5,3,1.5,2,2.5,1.5,2.5,3,2.5,2.5,2.5,3,2.5,3,2.5,4,3.5,3,3,2.5,2.861111111,3.120481928,3.295,2,2.971590909,2,2.838709677,2.805882353,3.458333333,3.421875,3.5,4,2.34375,4,3,2.5,2.58
2565,100270836,3,3.5,4,2.5,4,3,2.95412844,2.507936508,3,3.5,2.5,1.5,2.5,2.5,3,1,2.5,2,2,2,2,3,1,2.5,2,4,3.5,1.5,3.5,1,1,2.680645161,2.5,2.861111111,2.5,3.295,1.5,2.5,1,2,2.805882353,3.458333333,3.421875,3.303571429,3.416666667,2.34375,3,2.858208955,1.5,2.33
2565,100270839,2.5,2.5,4,2,4,2.5,3.5,2.507936508,3,4,3,2.5,3.5,2.5,2.5,2,3,3,2,4,4,2,4,4,2.523255814,2.81127451,4,2.977040816,4,4,3.5,4,4,3,3.5,3.295,2.5,2.971590909,3.5,3.5,2.805882353,3.458333333,3.421875,4,4,2.34375,4,4,3.5,3.22
2565,100270848,3,3,4,2.5,4,3,4,2.507936508,4,4,4,3.5,4,3.5,4,3,4,3,2.5,4,4,2.5,3.5,3.5,2.523255814,2.81127451,4,2.977040816,4,4,4,3.5,4,4,4,3.295,3.5,2.971590909,4,4,2.805882353,3.458333333,3.421875,4,4,2.34375,4,4,4,3.6
2565,100270877,2.5,3.5,3.5,3,3,3,2.95412844,2.507936508,3,3.844117647,3.5,2.5,4,3.5,2.5,2.5,2.5,2.5,2.5,4,4,1.5,2.5,3,4,4,4,2.977040816,4,4,4,4,4,2.861111111,3.120481928,3.295,2.5,2.971590909,1.5,3.5,2.805882353,3.458333333,3.421875,4,3.416666667,2.34375,4,2.858208955,3,3.08
2565,100270887,2.5,2.5,4,1.5,1.5,2,2.95412844,2.507936508,3,3.844117647,2.5,2,2,1.5,2,2,1.5,2.5,2.5,2,2.5,2.5,3,3.5,3,3,3,4,3.5,3.5,3,3,3.5,2.861111111,3.120481928,3.295,2,2.971590909,3,2.5,2.805882353,3.458333333,3,3.303571429,3.416666667,2.34375,4,2.858208955,2.5,2.52
2565,100270888,2.5,2.5,3.5,1.5,2,2,2.95412844,2.507936508,3,4,3,2,2,2,2,2,1.5,2.5,1,2,2,1.5,2,2,2,3.5,3,2.977040816,2.5,2,2,2.680645161,2,2.861111111,3.120481928,3.295,2,2.971590909,1.5,3.5,2.805882353,3.458333333,3.421875,3.5,3.416666667,2.34375,3.5,2,3,2.34
2565,100270897,2,2.5,4,1,2.5,2,2.95412844,2.507936508,3,3.844117647,3.5,2,2,2,2.5,1,1,2.5,1,2.5,2.5,2,1.5,3,2,2,3,2.977040816,2.5,2,3,2.680645161,3,2.861111111,3.120481928,3.295,2,2.971590909,1,3,2.805882353,3.458333333,3.421875,3,3,2.34375,3.5,2.858208955,1.5,2.23
2566,100270900,1.5,2.5,4,1.5,1,2.5,2.95412844,2.507936508,3,4,3,2,2.5,2,2,1.5,1.5,3,1,2.5,4,0,3.5,3,2.5,2,3,2,4,3.5,3,2.5,2.5,2,3.120481928,3.295,2,2.971590909,1.5,4,2.805882353,3.458333333,3.421875,3.303571429,3.416666667,2.34375,2.5,2.858208955,2.5,2.34
2566,100270908,3,1,4,0,1.5,3,2.95412844,2.507936508,3,3.844117647,3,2,2,1,2.5,1,1.5,2,0,2,2,1.5,2.5,2,2.523255814,3.5,3,2.977040816,4,3,2,2.680645161,3,2.861111111,2.5,3.295,2,2.971590909,1.5,2.838709677,2.805882353,3.458333333,3.421875,3.5,3.416666667,2.34375,4,2,2,2.28
2565,100270912,2.5,2,4,0,3.5,2.5,2.95412844,2.507936508,2.5,3.844117647,2.5,2,3.5,1.5,3,2,1.5,2.5,1.5,3,4,1.5,2.5,3.5,2.523255814,3,4,3.5,4,3,2.5,3,2,2,3,3.295,2,2.971590909,4,2.838709677,2.805882353,3.458333333,3.421875,3.303571429,3.416666667,2.34375,4,3,2.5,2.63
2565,100270939,3.5,1.5,4,2.5,2.5,3,3.5,2.507936508,3,3.844117647,3.5,2,3,3,3,2.5,3,2.5,2.5,3,4,3,3.5,4,2.523255814,3.5,4,2.977040816,4,4,3,2.680645161,3.5,4,4,3.295,2,2.971590909,4,4,2.805882353,3.458333333,3.421875,3.303571429,4,2.34375,4,3.5,3,3.27
2565,100270954,2,3,4,2,3.5,3,2,2.507936508,3.5,3.844117647,2.5,3,3.5,2,3,2,3.5,3,2,3,2.5,1.5,2.5,3.5,2.523255814,4,4,4,4,3,4,2.680645161,4,2.5,3,3.295,3,2.971590909,3.5,2.838709677,2.805882353,3.458333333,3.421875,3.303571429,3.416666667,2.34375,4,2.858208955,3,2.94
2565,100270965,2.5,2,3.5,1.5,2.5,3.5,3.5,2.507936508,3,4,3.5,3.5,3,2.5,2.5,2,2,3,2,3.5,3.5,2.5,3,4,2.523255814,3,3.5,2.977040816,4,4,3,2.680645161,4,2.5,3.5,3.295,3.5,2.971590909,4,4,2.805882353,3.458333333,3.421875,3.303571429,4,2.34375,4,3.5,3,3.07
2565,100270967,3.5,2.5,4,2,4,3.5,2.95412844,2.507936508,3.5,4,3,4,1.5,1,2,1.5,2.5,3,0,4,4,1.5,4,4,3,4,3.5,2.977040816,4,4,4,3.5,4,2.861111111,3.5,3.295,4,2.971590909,4,2.5,2.805882353,3.458333333,3.421875,3.303571429,3.416666667,2.34375,4,4,3,3.11
2566,100270970,1,1,3.5,0,1.5,3,2.95412844,2.507936508,4,3.5,3,1.5,2,1,2,1.5,1.5,2.5,1,2.5,2,1,0,2.5,2,2.5,1.5,3,4,2,2,2,2,2.861111111,3.120481928,3.295,1.5,2.971590909,2,2.838709677,2.805882353,3.458333333,3.421875,3.5,4,2.34375,3.5,3.5,1.5,2.19
2565,100270973,2,2,4,1.5,1.5,2.5,2.95412844,2.507936508,3.5,3.844117647,3,2,2.5,2.5,2,2,1.5,2.5,2,3,2.5,2.5,2.5,4,2.5,3.5,2.5,4,3,3.5,2.5,2.5,3,2.861111111,3.120481928,3.295,2,2.971590909,2.5,3,2.805882353,3.458333333,3.5,3.303571429,3.416666667,2.34375,4,2.858208955,3.5,2.57
2565,100270976,3,2.5,4,3.5,3.5,2.5,2.95412844,2.507936508,3.5,4,3.5,4,4,3.5,3.5,3,4,2.5,3,4,4,3,3.5,3.5,3,2.81127451,2.773764259,3.5,4,4,3,4,4,4,3.120481928,3.295,4,2.971590909,4,2.838709677,2.805882353,4,3.421875,3.5,3.416666667,2.34375,4,2.858208955,3.5,3.48
2566,100270981,2.5,2,4,1.5,2,2.5,2.95412844,2.507936508,3.5,4,3,2.5,1.5,1.5,2.5,1,1.5,2.5,1.5,3.5,2,1.5,2.5,2,2,1.5,2.773764259,2,4,1.5,3,2.680645161,4,2.861111111,3.5,3.295,2.5,2.971590909,2,2,2.805882353,3.458333333,3.421875,3.5,4,2.34375,2.5,3,2,2.34
2565,100270987,4,4,4,4,4,3,3,2.507936508,4,4,4,4,4,4,4,4,4,3.5,2.5,4,4,4,3,3.5,3,3.5,2.773764259,4,4,4,4,2.680645161,4,3.5,3.120481928,3.295,4,2.971590909,4,4,2.805882353,3.458333333,4,3.5,3.416666667,2.34375,4,2.858208955,3.5,3.72
2565,100270990,2,3,4,0,2,2.5,2.95412844,2.507936508,4,4,3.5,2,2.5,1.5,2.5,2,2,2.5,1,1.5,1,1.5,1,3,2.523255814,4,4,1.5,4,2,1,2.680645161,3.5,2,3.5,3.295,2,2.971590909,2.5,2.838709677,2.805882353,3.458333333,3.421875,3.303571429,3.416666667,2.34375,4,2.858208955,2,2.33
2565,100270991,3,4,4,2,4,3,2.95412844,2.507936508,4,3.5,3.5,2.5,3,2,2.5,2,3,2,1,3,2.5,1,4,2,2.523255814,4,4,3.5,4,3,2,2.680645161,3.5,2.5,1.5,3.295,2.5,2.971590909,3.5,3.5,2.805882353,3.458333333,3.421875,3.5,4,2.34375,4,2.858208955,3,2.81
2565,100270992,2,2.5,3.5,2.5,3.5,3,3.5,2.507936508,3.5,3.844117647,3,2,2.5,1,2.5,1.5,3,2,1.5,2,1,3,2,2.5,2.523255814,3,2,2.977040816,3.5,2.5,1,2.680645161,1.5,2.861111111,3,3.295,2,2.971590909,1.5,2.838709677,2.805882353,3.458333333,3.421875,4,3.416666667,2.34375,3.5,2.858208955,1.5,2.33
2565,100270999,4,4,4,4,4,3.5,2.95412844,2.507936508,4,4,4,4,4,4,4,3,4,3,4,4,4,2.5,4,4,2.523255814,4,2.773764259,4,4,4,4,4,4,4,3.120481928,3.295,4,2.971590909,4,2.838709677,2.805882353,3.458333333,3.421875,3.303571429,4,2.34375,4,4,4,3.86
2565,100271000,2.5,2,4,2.5,3.5,3.5,3.5,2.507936508,4,4,3.5,2.5,3.5,2.5,2.5,2,2.5,2.5,1.5,3,3,3,1.5,3.5,2.523255814,2.81127451,3.5,2,4,1,3,2.680645161,4,2.5,2.5,3.295,2.5,2.971590909,4,3,2.805882353,3.458333333,3.421875,4,4,2.34375,2,4,3.5,2.97
2565,100271008,2,2,4,2,3.5,2,2.95412844,2.507936508,3.5,4,3,2,2.5,3,1.5,2,2.5,3,2,3,2,1.5,2.5,2.5,2,3,3.5,3,4,3,2,2,2.5,2.861111111,3.120481928,3.295,2,2.971590909,2,2.838709677,2.805882353,3.458333333,3.421875,3.5,4,2.34375,3.5,2.5,2.5,2.54
2566,100271014,3,2.5,4,1.5,3,3,2.95412844,2.507936508,4,3.5,2.5,2.5,3,1,2,1,2,2.5,1,3.5,3.5,1,3,2,2.5,4,3,3,4,3.5,2.5,2.680645161,2.5,2.861111111,3,3.295,2.5,2.971590909,3.5,1,2.805882353,3.458333333,3.421875,3.5,3.416666667,2.34375,4,2.858208955,1.5,2.49
2565,100271067,2,2,3.5,2,2,2.5,2.95412844,2.507936508,4,3.844117647,2,2,2,0,2,1.5,2.5,2,1.5,2,2,2.5,1,2.5,2,2.81127451,2.773764259,2.5,3.5,3,1,2.680645161,2.5,1.5,3,3.295,2,2.971590909,1.5,1.5,2.805882353,3.458333333,3.421875,3,3.416666667,2.34375,4,2.858208955,1.5,2.09
2565,100271068,2.5,2,3.5,1,2,2.5,4,2.507936508,4,3.5,2,2.5,2.5,1.5,2.5,2,1.5,3,1,2.5,1.5,1,1.5,2.5,2,2.81127451,2.773764259,4,3.5,2,3,2.680645161,3,1,3.5,3.295,2.5,2.971590909,3,2.838709677,2.805882353,1.5,3.421875,2.5,3.416666667,2.34375,2.5,2.858208955,2,2.27
2565,100271070,2.5,1.5,4,3,2.5,3,3.5,2.507936508,3.5,3.844117647,2.5,2.5,3,2,3,2,2,3,2,2.5,2.5,1,2,2,2,2,2.5,1.5,4,3,2.5,2.680645161,4,2.861111111,4,3.295,2.5,2.971590909,2,4,2.805882353,3.458333333,3.421875,3.303571429,3.5,2.34375,3,3,2,2.6
2565,100271071,2.5,2,4,2.5,2.5,3,2.95412844,2.507936508,4,4,2.5,3.5,3,2.5,2.5,2,2.5,2.5,2,3,2.5,1.5,3,3,3,2.81127451,2.773764259,3.5,4,3.5,3,2,4,2,3.120481928,3.295,3.5,2.971590909,1.5,3,2.805882353,3.458333333,3.421875,3,3.416666667,2.34375,4,2.858208955,3,2.84
2565,100271074,2,3,4,2,3.5,2.5,2.95412844,2.507936508,4,3.5,3,3,3.5,4,2.5,2,2.5,2.5,1.5,3,4,1.5,4,2.5,2.5,3.5,4,3.5,4,4,3.5,2.5,2,3,3.120481928,3.295,3,2.971590909,1.5,4,2.805882353,3.458333333,3.421875,3.303571429,3,2.34375,3,2.858208955,2.5,2.8
2565,100271085,2.5,1,4,0,2,3,4,2.507936508,3,3.844117647,2.5,2,2.5,1.5,3,2,1.5,2.5,1,2,3.5,1,3,2.5,2.523255814,3,2.5,2.5,4,3,2.5,2.680645161,3.5,2,4,3.295,2,2.971590909,2,4,2.805882353,3.458333333,3.421875,3.303571429,3.5,2.34375,3,3,3,2.63
2565,100271090,2,3,4,2,2.5,3,2.95412844,2.507936508,4,3.844117647,3,1.5,3.5,2.5,2.5,3,3.5,2.5,2,2.5,3,2,2.5,3,1.5,3,3,2.977040816,4,2.5,3,2.680645161,2.901886792,2.861111111,3.120481928,3.295,1.5,4,1.5,4,2.805882353,3.458333333,3.421875,4,3.416666667,2.34375,4,2.5,3,2.71
2565,100271116,2,1.5,4,1,2.5,2,2.95412844,2.507936508,3,3.844117647,2.5,2,2.5,3,2,1.5,1.5,2.5,2,2.5,2.5,1,2.5,3,3,2.81127451,2.773764259,3,4,3,2.5,2.680645161,2,2,3.5,3.295,2,2.971590909,1.5,3,2.805882353,3.458333333,3.421875,3.5,4,2.34375,4,2.858208955,2,2.41
2565,100271136,2.5,2.5,4,2.5,3.5,2.5,2.95412844,2.507936508,4,3.844117647,3.5,2,2,2,1.5,1.5,2,2.5,1.5,2.5,3.5,2,3,2.5,3,2.5,4,2.977040816,4,2.5,3,2.680645161,3,2,3.5,3.295,2,2.971590909,2,3.5,2.805882353,3.458333333,3.421875,3.303571429,4,2.34375,3,2.858208955,2.5,2.63
2565,100271143,2.5,2.5,3.5,2,2.5,3.5,3,2.507936508,4,3.844117647,3.5,2.5,3,1,2.5,2,2.5,2.5,1.5,2,1.5,2,2,3.5,2.523255814,4,3.5,2.977040816,3.5,3,2,2.680645161,2.5,2.861111111,3.5,3.295,2.5,2.971590909,1.5,2.838709677,2.805882353,3.458333333,3.421875,3.5,4,2.34375,4,2.5,3,2.65
2565,100271144,2,2.5,3,1.5,2.5,2.5,2.5,2.507936508,4,3.844117647,2.5,2,2,1,2.5,2,1.5,2.5,1,3,2,2.5,2.5,3,2.523255814,3,3,2.977040816,4,3,1,2.680645161,2.5,2.861111111,3.5,3.295,2,2.971590909,1.5,2.838709677,2.805882353,3.458333333,3.421875,4,4,2.34375,4,2.5,2.5,2.45
2566,100271146,3,3.5,4,0,2,2.5,2.95412844,2.507936508,4,3.844117647,2.5,2,3.5,1,2,1.5,1,2.5,0,2.5,3.5,1.5,2.5,2.5,2.5,4,3,3,4,3.5,3,2.680645161,3,2.861111111,3.5,3.295,2,2.971590909,3.5,2.5,2.805882353,3.458333333,3.421875,3.5,3.416666667,2.34375,4,2.858208955,1.5,2.6
2566,100271155,0,2.5,4,0,1.5,2.5,2.95412844,2.507936508,3,3.5,2.5,3,2,2,2,1,1,2.5,0,3,3.5,0,3.5,3,2.5,3,3.5,3,4,3,3.5,2,3.5,2,3.120481928,3.295,3,2.971590909,1.5,4,2.805882353,3.458333333,3.421875,3.303571429,3.416666667,2.34375,3.5,2.858208955,1.5,2.42
2565,100271158,1.5,2.5,4,0,2,2,2.95412844,2.507936508,3,3.844117647,3,2,2.5,2,2.5,1,0,3,1,2.5,2,2,2.5,2.5,2.5,1.5,1.5,2.977040816,4,1.5,2.5,2.680645161,3,2.861111111,3.5,3.295,2,2.971590909,1,2.838709677,2.805882353,3.458333333,3.421875,3.5,4,2.34375,4,2.858208955,2.5,2.25
2565,100271162,2.5,2.5,4,0,2,3,3,2.507936508,4,3.844117647,3.5,2,2,1.5,3,1.5,1,2,1,2.5,2,1.5,2.5,3,2.523255814,3.5,2.5,2.977040816,4,2.5,1,2.680645161,3,2.861111111,3.5,3.295,2,2.971590909,1.5,2.838709677,2.805882353,3.458333333,3.421875,4,3.5,2.34375,4,2,1.5,2.37
2565,100271163,4,3,4,4,3.5,3,2.95412844,2.507936508,4,3.844117647,3,2.5,4,2.5,3,3.5,4,2.5,4,2.5,4,3,4,3.5,2,4,4,3,4,4,3,3.5,3,2.861111111,4,3.295,2.5,4,4,2.838709677,2.805882353,3.458333333,3.421875,3.303571429,4,2.34375,3,4,3,3.39
2565,100271195,2.5,3,4,3.5,2,2.5,2.95412844,2.507936508,3,3.5,2.5,2,2.5,3,2.5,2.5,2,3,2.5,2,4,1.5,4,3,2.5,3,3,2.5,4,3.5,2.5,1.5,2.5,3,3.120481928,3.295,2,2.971590909,1.5,4,2.805882353,3.458333333,3.421875,3.303571429,3,2.34375,3.5,2.858208955,2,2.65
2565,100271196,2.5,1,4,2,2.5,3.5,4,2.507936508,4,3.844117647,3,2.5,3,1,3,2,2,2.5,2,3,4,2,4,3.5,3,4,3.5,2.5,4,4,3,3.5,3.5,2.861111111,3.5,3.295,2.5,2.971590909,4,2.838709677,2.805882353,2.5,3.421875,3.303571429,4,2.34375,3,4,3,2.96
2565,100271200,3,2,3.5,2,2.5,2.5,2.95412844,2.507936508,3.5,3.844117647,2.5,2,3.5,1,4,2,3,2.5,2.5,3,4,2.5,2.5,3.5,2.5,4,4,3.5,4,3.5,2.5,3.5,3,2.861111111,4,3.295,2,2.971590909,4,2.838709677,2.805882353,3.458333333,3.421875,3.303571429,3.416666667,2.34375,4,4,2.5,2.92
2566,100271204,4,4,4,4,4,3.5,2.95412844,2.507936508,4,3.844117647,3.5,4,4,4,4,4,4,3,3.5,4,4,1,3,4,2.523255814,4,2.773764259,4,4,4,4,4,4,3.5,3.120481928,3.295,4,2.971590909,4,2.838709677,2.805882353,3.458333333,3.421875,3.303571429,3.416666667,2.34375,4,4,3.5,3.62
2565,100271208,4,2,3.5,2.5,1.5,2,2.95412844,2.507936508,4,3.5,2,3,2.5,1,3,2,2,2.5,1,2.5,1.5,1,1.5,3,2,4,2.5,1.5,4,2,2.5,2.680645161,3,2.861111111,4,3.295,3,2.971590909,1,3,2.805882353,3.458333333,3.421875,3.303571429,3.416666667,2.34375,3.5,2.858208955,1.5,2.33
2565,100271216,2,2.5,4,1.5,2,2.5,2.95412844,2.507936508,3,3.844117647,3,3,4,3.5,2.5,2,2,3.5,2.5,3.5,3,2,3,4,2.5,4,3.5,4,4,3,3.5,3,4,2.861111111,3.120481928,3.295,3,2,3,3.5,2.805882353,3.458333333,3.421875,3.303571429,3.416666667,2.34375,4,2.858208955,3.5,2.96
2565,100271219,3,2,4,3,0,1,2.95412844,2.507936508,4,2,2.5,1.5,2.5,2.5,3,2,2.453405018,3.5,2,3,2,1,1.5,2.5,2,2.81127451,3.5,2.5,4,3,3,2.680645161,3.5,2.861111111,3.120481928,3.295,1.5,2.971590909,1.5,2.838709677,2.805882353,3.458333333,3.421875,3.303571429,3.416666667,2.34375,4,2.5,3,2.53
2565,100271231,2.5,4,4,3,4,2,2.95412844,2.507936508,4,4,3,3,2.5,3,3.5,3,2.5,2.5,2.5,3,3.5,3.5,3,3,2.5,3,4,4,4,3,3.5,4,3,4,3.120481928,3.295,3,2.971590909,2,2.838709677,2.805882353,3.458333333,3.421875,3.303571429,4,2.34375,3.5,3.5,3.5,3.16
2566,100271246,1.5,2,4,0,1.5,3,2.95412844,2.507936508,4,4,3,3,3,2.5,2.5,2,1,2.5,1.5,2.5,4,1.5,3.5,3.5,2.5,3.5,3.5,3,4,3.5,3.5,2,4,3,3.120481928,3.295,3,2.971590909,1.5,4,2.805882353,3.458333333,3.421875,3.303571429,3.416666667,2.34375,2.5,2.858208955,3,2.69
2566,100281821,2.5,4,4,3,4,2.54887218,2.95412844,2.507936508,3.60326087,4,2,4,3.5,3.5,2.5,2.5,4,2.5,4,3.5,3.5,2.5,2,3.5,2.523255814,4,3,2.977040816,4,3,4,3.5,2.901886792,2.861111111,2.5,3.295,2.584586466,3.5,2.5,4,2.805882353,3.458333333,3.421875,3.303571429,3.416666667,2.34375,4,2.858208955,3.5,3.21
2566,100281825,1,3,4,0,2,2.54887218,2.95412844,2.507936508,3,3.844117647,2.532258065,2.5,3,1,0,1.5,1.5,2.5,2,4,1,1,1,2.5,2.523255814,2.81127451,1.5,2,1.5,1.5,2.5,2.680645161,2.901886792,1.5,3.120481928,3.295,2.584586466,2.971590909,2.5,2.838709677,2.805882353,3.458333333,3.421875,3.303571429,3.416666667,2.34375,4,2.858208955,1.5,2.09
2566,100281829,3,4,4,4,4,2.54887218,2.95412844,2.507936508,4,4,2.532258065,3,4,2.5,3.5,3.5,4,3,4,3,2.5,4,2.5,3.5,2.5,2.81127451,3.5,3.5,3.5,3.5,3.5,3.5,2.901886792,2.861111111,3.120481928,3.295,2.584586466,2.971590909,3.5,3.5,2.805882353,3.458333333,3.421875,3.303571429,3.416666667,2.34375,4,2.858208955,3.5,3.31
2566,100281858,1.5,2,4,1.5,2,2.54887218,2.95412844,2.507936508,3.60326087,4,2.532258065,2.5,2.5,1,2.5,2.5,2,2,3.5,2.5,1.5,1.5,0,2,2.523255814,3,2,2.977040816,1.5,3,2,1.5,2.901886792,2.861111111,2,3.295,2.584586466,2.971590909,2,2.5,2.805882353,3.458333333,3.421875,3.303571429,3.416666667,2.34375,4,2.858208955,1,2.17
2566,100281859,3,3.5,4,4,2.5,2.54887218,3,2.507936508,4,3.844117647,2,3,3.5,1,4,2.5,4,3.5,4,2.5,2.5,3.5,1.5,4,2.523255814,2.81127451,2.5,3.5,2.5,3.5,3,3.5,2.901886792,4,3.120481928,3.295,2.584586466,2.971590909,2.5,2.838709677,2.805882353,3.458333333,3.421875,3.303571429,3.416666667,2.34375,4,2.858208955,3.5,3.16
2566,100281866,2,3.5,4,2,4,2.54887218,2.95412844,2.507936508,3.60326087,3.844117647,2.532258065,3,2.5,1.5,1,2.5,3,2.5,4,3.5,2,3,1.5,3,2.523255814,2.81127451,2.5,3.5,3,3.5,3.5,2.680645161,2.901886792,3,3.120481928,3.295,2.584586466,2.971590909,2.5,2.838709677,2.805882353,3.458333333,3.421875,3.303571429,3.416666667,2.34375,4,2.858208955,3,2.78
2566,100281887,1,2.5,4,1.5,2,2.54887218,2.95412844,2.507936508,3.60326087,3.844117647,2.532258065,3,3,1,2,2,2,2,2.5,2.5,1,1,1,2,2.523255814,2.5,2.5,2.977040816,1.5,2.5,2.5,2,2.901886792,2.861111111,3,3.295,2.584586466,3.5,2,4,2.805882353,3.458333333,3.421875,3.303571429,3.416666667,2.34375,3.5,2.858208955,1.5,2.21
2566,100281892,1.5,1.5,4,1.5,3,2.54887218,3,2.507936508,4,3.844117647,2,3,3,1.5,3.5,2,2.5,3.5,4,2.5,1.5,2,2,3,2,2.81127451,2,2,2.5,2.5,4,2.5,2.901886792,2.861111111,3,3.295,2.584586466,2.971590909,2,3.5,2.805882353,3.458333333,3.421875,3.303571429,4,2.34375,3.5,2.858208955,2.5,2.65
2566,100281894,1.5,1.5,4,1,1,2.54887218,2.95412844,2.507936508,3.60326087,4,2.532258065,3,3.5,1,2,1.5,1,2.5,2.5,1,1.5,2,0,3,2.523255814,2.81127451,1,3,1,2.5,3,2,2.901886792,2,3.120481928,4,2.584586466,2.971590909,2.5,2.838709677,2.805882353,3.458333333,3.421875,3.303571429,3.416666667,2.34375,4,2.858208955,2,2.23
2566,100281903,2,3,4,4,4,2.54887218,2.95412844,2.507936508,4,4,2.532258065,3.5,3.5,2.5,3.5,3,4,3,4,3,2.5,3.5,2,3,2.5,2.81127451,4,3,2.5,3.5,3,2.680645161,2.901886792,2.861111111,3.120481928,3.295,2.584586466,2.971590909,3,3,2.805882353,3.458333333,3.421875,3.303571429,4,2.34375,4,2.858208955,2,3.2
2566,100281906,1.5,2.5,4,2.5,3,2.54887218,2.95412844,2.507936508,3.60326087,4,2.532258065,3.5,3,2.5,2.5,2.5,3,2.5,4,3.5,2.5,2.5,2,3.5,2.523255814,2.81127451,2.5,3.5,3.5,3,3.5,3,2.901886792,3.5,3.120481928,3.295,2.584586466,2.971590909,4,4,2.805882353,3.458333333,3.421875,3.303571429,3.416666667,2.34375,4,2.858208955,3.5,3.03
2566,100281937,1.5,1.5,4,0,1,2.54887218,2.95412844,2.507936508,4,4,2.5,3,3.5,2,2.5,2,1,3,4,3,1.5,1.5,0,2.5,2.5,2.81127451,2,3.5,2,3.5,3,2,2.901886792,2.861111111,3,3.295,2.584586466,4,2,3,2.805882353,3.458333333,3.421875,3.303571429,3.416666667,2.34375,3.5,2.858208955,2,2.63
2566,100281946,2,2.5,4,3.5,2,2.54887218,2.95412844,2.507936508,4,3.844117647,2.532258065,3.5,3.5,2,2.5,2.5,3,3,4,3,2,3.5,2.5,3.5,2.5,4,2.773764259,3,3,4,4,2.5,2.901886792,2.861111111,3,3.295,2.584586466,2.971590909,2.5,3.5,2.805882353,3.458333333,3.421875,3.303571429,3,2.34375,3,2.858208955,3,2.91
2566,100281955,1,1.5,4,1,1.5,2.54887218,2.95412844,2.507936508,4,4,2.532258065,3,1,1,1.5,2,1.5,2,3.5,3.5,1,1,0,2,1.5,2,2,2.977040816,1.5,1.5,3,1.5,2.901886792,2.861111111,1.5,3.295,2.584586466,2.971590909,2,2.838709677,2.805882353,3.458333333,3.421875,3.303571429,2.5,2.34375,3.5,2.858208955,1.5,2.14
2566,100281958,1.5,1.5,4,1,2,2.54887218,2.95412844,2.507936508,3.60326087,4,2,3,2.5,1,2,2.5,1.5,2.5,3,3,1.5,2,0,2,2.5,2.81127451,2,2,3,3.5,3.5,1.5,2.901886792,2.861111111,3,4,2.584586466,3,2,2.838709677,2.805882353,3.458333333,3.421875,3.303571429,3.416666667,2.34375,4,2.858208955,1.5,2.36
2566,100281963,1,1.5,4,1.5,1.5,2.54887218,2.5,2.507936508,3.60326087,3.844117647,2.532258065,2,3,1.5,1.5,2,1.5,2.5,3.5,2,1.5,2,1.5,3,2.523255814,2.81127451,1,2.5,2,3,2.5,2,2.901886792,2.5,3.120481928,3.295,2.584586466,2.971590909,2.5,3,2.805882353,3.458333333,3.421875,3.303571429,3.416666667,2.34375,4,2.858208955,1,2.21
2566,100281968,2.5,4,4,4,4,2.54887218,2.95412844,2.507936508,4,4,2.532258065,4,3.5,3.5,4,2,4,3,4,3,2,3,3.5,3,3,3,2.5,3,3.5,2,3,4,2.901886792,2.861111111,3.120481928,3.295,2.584586466,2.971590909,2,3.5,2.805882353,3.458333333,3.421875,3.303571429,3.416666667,2.34375,3,2.858208955,3.5,3.24
2566,100281970,2,3,4,3,3.5,2.54887218,2.95412844,2.507936508,3.60326087,3.844117647,2.532258065,2.5,3,1,1.5,1,2.5,1,2.5,2.5,2,3.5,2,3,2.523255814,2.81127451,2.5,2.977040816,3,3.5,3,2.5,2.901886792,2,3.120481928,3.295,2.584586466,2.971590909,2.5,3,2.805882353,3.458333333,3.421875,3.303571429,3.416666667,2.34375,4,2.858208955,3,2.41
2566,100281972,1.5,4,4,1.5,4,2.54887218,2.95412844,2.507936508,3.60326087,4,2.532258065,3.5,4,0,2.5,2,2,3,4,2,3,3.5,2.5,3.5,2.523255814,2.5,3,3.5,3.5,4,3,2.680645161,2.901886792,3,3,3.295,2.584586466,2.971590909,2.5,2.5,2.805882353,4,3.421875,3.303571429,3.416666667,2.34375,4,2.858208955,4,3.01
2566,100281976,2,2.5,4,2.5,4,2.54887218,2.95412844,2.507936508,4,4,2.532258065,3,4,2.5,4,3,3.5,3,4,3,2,2.5,2,3,2,2.81127451,4,3.5,3,3.5,4,2.680645161,2.901886792,2.861111111,3.120481928,3.295,2.584586466,2.971590909,3.5,2.838709677,2.805882353,3.458333333,3.421875,3.303571429,3.416666667,2.34375,4,2.858208955,3.5,3.15
2566,100281989,0,2,4,1.5,2,2.54887218,2.95412844,2.507936508,4,3.844117647,2.532258065,3,2.5,1.5,3,1,2.5,2.5,2.5,1.5,1.5,3,2,3,2,3.5,2.773764259,3.5,3,3,2.5,4,2.901886792,2.861111111,3.120481928,3.295,2.584586466,2.971590909,2.5,3.5,2.805882353,3.458333333,3.421875,3.303571429,3.416666667,2.34375,4,2.858208955,2.5,2.53
2566,100281991,1.5,2.5,4,2,3.5,2.54887218,2.95412844,2.507936508,3.60326087,3.844117647,2.532258065,2.5,2.5,2.5,2,2,1.5,2.5,3.5,3,1.5,2,1.5,3,2.523255814,2.81127451,3.5,3,3,3,3,2.680645161,2.901886792,2.5,3.120481928,3.295,2.584586466,2.971590909,2,3,2.805882353,3.458333333,3.421875,3.303571429,3.416666667,2.34375,4,2.858208955,3,2.6
2566,100281992,1.5,2,4,2.5,2.5,2.54887218,2.95412844,2.507936508,4,3.844117647,2.532258065,3,3.5,1,4,2,2.5,2.5,4,3.5,2,2,1.5,2.5,2.523255814,3,2,2.5,2,4,2.5,3.5,2.901886792,2.861111111,2,3.295,2.584586466,2.971590909,2,2.838709677,2.805882353,3.458333333,3.421875,3.303571429,4,2.34375,3.5,2.858208955,1.5,2.65
2566,100282004,1,0,4,1,1,2.54887218,3,2.507936508,4,3.844117647,2.532258065,3.5,2.5,1,1,2,1,2.5,2.5,2,1.5,1,0,2.5,1.5,2.81127451,1.5,2,2,2,2.5,2.5,2.901886792,2.861111111,2.5,3.295,2.584586466,2.971590909,3,2,2.805882353,3.458333333,3.421875,3.303571429,3.5,2.34375,3.5,2.858208955,2.5,2.12
2566,100282007,2,4,4,3,4,2.54887218,2.95412844,2.507936508,3.60326087,4,2.532258065,3.5,3.5,1.5,3,2,4,3,4,2.5,2,3,2,3,2.523255814,2,3,3.5,3,4,3.5,2.680645161,2.901886792,4,3.5,3.295,2.584586466,4,3,4,2.805882353,4,3.421875,3.303571429,3.5,2.34375,4,2.858208955,4,3.11
2566,100282008,2,3.5,4,2,4,2.54887218,2.95412844,2.507936508,4,4,2.532258065,4,2.5,3,4,2,2.5,2,4,2.5,3,3.5,2.5,3,2.523255814,3,2.5,3,3.5,4,3,3.5,2.901886792,3.5,3.120481928,3.295,2.584586466,2.971590909,2,3.5,2.805882353,3.458333333,3.421875,3.303571429,3.416666667,2.34375,3.5,2.858208955,2.5,2.98
2566,100282013,2,4,4,3.5,4,2.54887218,2.95412844,2.507936508,4,4,2.532258065,3.5,4,3.5,4,2.5,3,3.5,4,2.5,3,2.5,3,2.5,2,2.81127451,4,4,2.5,3,3,3,2.901886792,2.861111111,3.120481928,3.295,2.584586466,2.971590909,2,2.838709677,2.805882353,3.458333333,3.421875,3.303571429,3.416666667,2.34375,4,2.858208955,3,3.07
2566,100282014,2,1.5,4,1.5,1,2.54887218,2.95412844,2.507936508,3.60326087,3.844117647,1.5,3,3,1,2.5,1.5,1.5,2,4,2.5,2,3,1.5,3.5,2.523255814,2.81127451,2.5,2.5,1.5,3,2,3,2.901886792,2.5,3.120481928,3.295,2.584586466,2.971590909,2.5,2.838709677,2.805882353,2,3.421875,3.303571429,3.416666667,2.34375,4,2.858208955,1.5,2.45
2566,100282015,1.5,1.5,4,0,1.5,2.54887218,2.95412844,2.507936508,3.60326087,4,2.532258065,3.5,2.5,1.5,1.5,2,1.5,1.5,4,3.5,1,1.5,1,2.5,2.523255814,2.81127451,1.5,2.5,1.5,1.5,2.5,3,2.901886792,2,3.5,3.295,2.584586466,2.971590909,2.5,3,2.805882353,4,3.421875,3.303571429,3.416666667,2.34375,4,2.858208955,2.5,2.44
2566,100282017,1.5,2,4,2.5,3.5,2.54887218,2.95412844,2.507936508,3.60326087,3.5,2.532258065,3,3,2.5,4,2.5,2,2,3,3,1.5,2,1.5,2.5,2.523255814,4,2.5,2.977040816,4,4,4,2.5,2.901886792,2.861111111,3,3.295,2.584586466,2.971590909,2.5,3,2.805882353,3.458333333,3.421875,3.303571429,3.416666667,2.34375,4,2.858208955,2,2.71
2566,100282022,2,2,4,1,2.5,2.54887218,2.95412844,2.507936508,3.5,4,2.532258065,3,2.5,1,3,1.5,2,2.5,3.5,2.5,1,0,0,2.5,1.5,2.5,2.773764259,2,1,1.5,3,2,2.901886792,2.861111111,3.5,3.295,2.584586466,2.971590909,2,2.838709677,2.805882353,3.458333333,3.421875,3.303571429,3.416666667,2.34375,2,2.858208955,1,2.26
2566,100282048,0,1,4,0,1.5,2.54887218,2.95412844,2.507936508,3.60326087,4,2.532258065,3.5,3,1,3.5,1,0,2.5,3,3,1,1,0,2,2.523255814,2,1,2.977040816,1,2,2.5,1,2.901886792,2.861111111,3,3.295,2.584586466,2.971590909,2,2.5,2.805882353,3.458333333,3.421875,3.303571429,3.416666667,2.34375,4,2.858208955,2,2.31
2566,100282050,1,2,4,1.5,2,2.54887218,2.95412844,2.507936508,4,4,2.532258065,3,4,1,3.5,3,2,2.5,4,3,1,1,0,3,2.5,2.81127451,1.5,2.5,1,3,3,2.680645161,2.901886792,2.861111111,3.120481928,3.295,2.584586466,2.971590909,2.5,2.838709677,2.805882353,3.458333333,3.421875,3.303571429,4,2.34375,4,2.858208955,1,2.52
2566,100282057,1.5,3,4,2.5,2,2.54887218,2.5,2.507936508,3.5,3.844117647,2.532258065,2.5,3,1.5,2.5,2,2,2.5,4,3,2,3,2,3.5,2.523255814,2.81127451,2,3,2.5,2.5,3,3,2.901886792,2.5,3.120481928,3.295,2.584586466,2.971590909,2.5,2.5,2.805882353,3.458333333,3.421875,3.303571429,3.416666667,2.34375,4,2.858208955,2,2.68
2566,100282067,2,3,4,3,4,2.54887218,2.95412844,2.507936508,4,4,2.532258065,3.5,4,2.5,3.5,3.5,3.5,3,4,3.5,3,4,3,4,2.5,2.81127451,4,3.5,3.5,4,4,3.5,2.901886792,2.861111111,3.120481928,3.295,2.584586466,2.971590909,3,2.838709677,2.805882353,3.458333333,3.421875,3.303571429,3.416666667,2.34375,4,2.858208955,3.5,3.37
2566,100282069,2,3,4,2.5,3,2.54887218,2.95412844,2.507936508,4,4,2.532258065,4,4,2,3,3,3,3,4,3.5,1.5,3,1.5,3,2.523255814,2.81127451,2.5,3,3,3.5,3.5,3,2.901886792,3.5,3,3.295,2.584586466,2.971590909,2.5,3.5,2.805882353,3.458333333,3.421875,3.303571429,3.416666667,2.34375,4,2.858208955,3,3.02
2566,100282070,2,2.5,4,2.5,3,2.54887218,2.95412844,2.507936508,3.60326087,3.844117647,2.532258065,3,4,2.5,3,2.5,3,3,4,2.5,2.5,4,2,4,2.523255814,2.81127451,2,3,3,3.5,3.5,3,2.901886792,4,3.120481928,3.295,2.584586466,2.971590909,2.5,2.838709677,2.805882353,3.458333333,3.421875,3.303571429,3.416666667,2.34375,4,2.858208955,3,3.12
2566,100282075,1.5,2,4,1,3,2.54887218,2.95412844,2.507936508,3.60326087,4,2.532258065,3.5,4,2.5,2.5,2.5,2,3,4,3.5,3,4,3,4,2.523255814,2.81127451,2.5,3.5,2.5,3.5,4,4,2.901886792,3,3.120481928,3.295,2.584586466,2.971590909,4,3.5,2.805882353,3.458333333,3.421875,3.303571429,3.416666667,2.34375,4,2.858208955,3.5,3.1
2566,100282127,1,2,4,1.5,3,2.54887218,2.95412844,2.507936508,4,4,2,3.5,4,3,3,2,2,3,4,3.5,2.5,1.5,2,3.5,2.5,2.81127451,2.5,3.5,3,4,3,4,2.901886792,2.861111111,3.5,3.295,2.584586466,2.971590909,2.5,2.838709677,2.805882353,3.458333333,3.421875,3.303571429,3.416666667,2.34375,4,2.858208955,2.5,2.88
2566,100282140,1,2.5,4,2,3,2.54887218,2.95412844,2.507936508,3.60326087,4,2.532258065,1.5,4,1.5,3.5,2,1,2.5,4,2.5,1.5,2,2,3.5,2.523255814,2.81127451,2.5,2.5,3,2,3,3,2.901886792,2.5,3.120481928,3.295,2.584586466,2.971590909,4,2.5,2.805882353,3.458333333,3.421875,3.303571429,3.416666667,2.34375,3.5,2.858208955,4,2.61
2566,100282141,2.5,3.5,4,2.5,3.5,2.54887218,2.95412844,2.507936508,4,3.844117647,2.532258065,3,3,1,2.5,2,4,2,4,3.5,1.5,2.5,1.5,2.5,2.523255814,2,2.5,3,2,3.5,2.5,3,2.901886792,2.861111111,3,3.295,2.584586466,2.971590909,2,2.838709677,2.805882353,3.458333333,3.421875,3.303571429,4,2.34375,3.5,2.858208955,1,2.72
2566,100282142,1.5,1.5,4,1,2,2.54887218,2.95412844,2.507936508,3.60326087,3.844117647,2.532258065,3,4,1.5,3.5,2.5,2,2.5,4,3.5,2,1,1,2,2.523255814,2.81127451,2.5,2.5,2,2.5,4,1.5,2.901886792,2.5,3.120481928,3.295,2.584586466,2.971590909,4,3,2.805882353,3.458333333,3.421875,3.303571429,3.416666667,2.34375,4,2.858208955,2.5,2.53
2566,100282146,1.5,4,4,1.5,4,2.54887218,2.95412844,2.507936508,3.60326087,3.844117647,2.532258065,2,3.5,1.5,1,1.5,2.5,2.5,2.5,3.5,1,2,2,3.5,2.523255814,2.81127451,2.5,3,2,2.5,3.5,2.680645161,2.901886792,2,3.120481928,3.295,2.584586466,2.971590909,3,3,2.805882353,3.458333333,3.421875,3.303571429,3.416666667,2.34375,4,2.858208955,2,2.49
2566,100282150,1.5,0,4,1.5,1.5,2.54887218,2.95412844,2.507936508,4,4,2.532258065,3,1.5,1,2.5,1.5,1.5,2,2.5,1.5,1.5,2.5,1,2,1.5,1.5,2.773764259,2.977040816,2,2.5,1.5,2,2.901886792,2.861111111,2.5,4,2.584586466,2.971590909,2,2.838709677,2.805882353,3.458333333,3.421875,3.303571429,4,2.34375,4,2.858208955,1.5,2.19
2566,100282158,1.5,3,4,2,4,2.54887218,2.95412844,2.507936508,4,3.844117647,2.532258065,2,2.5,2.5,2.5,1.5,2,1.5,3.5,3.5,2,3.5,2,3,2.523255814,4,2.5,2.5,3.5,3.5,4,3.5,2.901886792,2.861111111,3,3.295,2.584586466,2.971590909,2,2.838709677,2.805882353,3.458333333,3.421875,3.303571429,3.5,2.34375,3.5,2.858208955,2.5,2.7
2566,100282167,2,3,4,2.5,4,2.54887218,2.95412844,2.507936508,4,4,2.532258065,3.5,3,1,3,1.5,2.5,3,4,2.5,2,2,2,3,2.523255814,3,2.5,3.5,1.5,3.5,2.5,3,2.901886792,3.5,3.120481928,3.295,2.584586466,2.971590909,2,3,2.805882353,3.458333333,3.421875,3.303571429,3.416666667,2.34375,3.5,2.858208955,3,2.79
2566,100282172,1.5,3.5,4,2,3,2.54887218,2.95412844,2.507936508,4,4,2.532258065,3.5,4,1.5,3,3,2.5,3,4,3.5,1.5,2,1.5,3,2.523255814,2.81127451,2.5,3,2.5,2.5,3,2.5,2.901886792,4,3,3.295,2.584586466,2.971590909,2.5,3,2.805882353,3.458333333,3.421875,3.303571429,4,2.34375,4,2.858208955,3,2.95
2566,100282177,2,3.5,4,2.5,4,2.54887218,2.95412844,2.507936508,4,4,2.532258065,4,3,4,3,2,2.5,2.5,4,3,2,2.5,2.5,3,2.523255814,4,3.5,3,3,4,3,2.680645161,2.901886792,4,2.5,3.295,2.584586466,2.971590909,2,3.5,2.805882353,3.458333333,3.421875,3.303571429,3.416666667,2.34375,4,2.858208955,3,3.03
2566,100282178,2.5,2.5,4,4,4,2.54887218,2.95412844,2.507936508,4,3.844117647,2.532258065,3,4,2.5,4,3.5,4,3.5,4,3,3.5,4,2.5,4,2.5,2.81127451,4,3.5,3.5,4,4,2.680645161,2.901886792,2.861111111,3.120481928,3.295,2.584586466,2.971590909,4,2.838709677,2.805882353,3.458333333,3.421875,3.303571429,4,2.34375,4,2.858208955,4,3.54
2566,100282180,1.5,4,4,1.5,4,2.54887218,1.5,2.507936508,4,4,2.5,3,2.5,0,3,1.5,2.5,2,4,3.5,2,3,3,3.5,2.523255814,2.81127451,4,3.5,4,4,3,3.5,2.901886792,4,3.120481928,3.295,2.584586466,2.971590909,2,3.5,2.805882353,3.458333333,3.421875,3.303571429,3.416666667,2.34375,4,2.858208955,3,2.93
2566,100282183,2,3.5,4,4,4,2.54887218,2.95412844,2.507936508,3.60326087,4,2.532258065,3.5,4,2.5,3,3,3,3,4,3.5,3.5,3,3,3,2.523255814,4,2.5,3.5,3,3.5,3.5,2.680645161,2.901886792,4,3.5,3.295,2.584586466,2.971590909,3,4,2.805882353,4,3.421875,3.303571429,3.416666667,2.34375,4,2.858208955,4,3.32
2566,100282184,2,3.5,4,2,4,2.54887218,2.95412844,2.507936508,3.60326087,4,2,2.5,1.5,2.5,3,2,2.5,2,3.5,2.5,2,2,1,3,2,2.5,4,2.977040816,3,3.5,3,4,2.901886792,2.861111111,2.5,3.295,2.584586466,2.971590909,2,2.838709677,2.805882353,3.458333333,3.421875,3.303571429,3.416666667,2.34375,2.5,2.858208955,3,2.66
2566,100282185,1.5,2.5,4,0,2.5,2.54887218,2.95412844,2.507936508,3.5,3.844117647,2.532258065,2.5,1.5,1,1.5,1,2,2,2.5,2.5,1,2,2,2.5,2.523255814,2.81127451,2,3,3,2,3,2.680645161,2.901886792,2.5,3.120481928,3.295,2.584586466,2.971590909,2,2.838709677,2.805882353,3.458333333,3.421875,3.303571429,3.416666667,2.34375,4,2.858208955,3,2.37
2566,100282190,1,1,4,0,1,2.54887218,2.95412844,2.507936508,4,4,2.532258065,3,3,1,2,2,0,1.5,3.5,3,1.5,0,0,2,2.523255814,2.81127451,1.5,2.5,1.5,2,3,1.5,2.901886792,2,2.5,3.295,2.584586466,2.971590909,2.5,2.838709677,2.805882353,4,3.421875,3.303571429,3.416666667,2.34375,3.5,2.858208955,1.5,2.28
2566,100282214,2,2,4,2.5,2,2.54887218,2.95412844,2.507936508,4,4,2,3.5,4,2.5,3,3,3,2,4,3.5,2,2.5,2,2.5,3.5,2.81127451,2.5,3.5,3,4,3,3,2.901886792,2.861111111,4,3.295,2.584586466,2.971590909,2,2.838709677,2.805882353,3.458333333,3.421875,3.303571429,3.416666667,2.34375,4,2.858208955,3,2.92
2566,100282216,2,2.5,4,0,2.5,2.54887218,2.95412844,2.507936508,4,4,2.532258065,2,4,0,2.5,2,1,2.5,3,2,1.5,2,1.5,2.5,2.523255814,2.81127451,2.5,3.5,3,3.5,4,2.5,2.901886792,3,3.120481928,3.295,2.584586466,2.971590909,4,2.838709677,2.805882353,3.458333333,3.421875,3.303571429,3.416666667,2.34375,4,2.858208955,3,2.63
2566,100282232,4,4,4,4,4,2.54887218,2.95412844,2.507936508,3.60326087,4,2.532258065,4,4,4,4,4,4,3,4,4,4,4,4,4,2.523255814,2.81127451,4,4,4,4,4,4,2.901886792,4,3.120481928,3.295,2.584586466,2.971590909,4,2.838709677,2.805882353,3.458333333,3.421875,3.303571429,3.416666667,2.34375,4,2.858208955,4,3.97
2566,100282234,2.5,2.5,4,2,3,2.54887218,2.95412844,2.507936508,3.60326087,4,3,3.5,2,2.5,2,2,3,2.5,4,3.5,2,2.5,1.5,2.5,2,1.5,3.5,2.977040816,3,3.5,3,2,2.901886792,2.861111111,2,3.295,2.584586466,2.971590909,2,3.5,2.805882353,3.458333333,3.421875,3.303571429,3.416666667,2.34375,2.5,2.858208955,3,2.71
2566,100282249,1.5,1.5,4,1.5,2.5,2.54887218,2.95412844,2.507936508,4,4,2.532258065,3.5,2.5,1.5,2,1.5,2,2.5,3.5,3,1.5,2,1.5,2,2,3.5,2,2.5,2,1.5,3,2.680645161,2.901886792,2.861111111,3,3.295,2.584586466,2.971590909,2,2.838709677,2.805882353,3.458333333,3.421875,3.303571429,3.416666667,2.34375,4,2.858208955,2.5,2.46
2566,100282260,1,1.5,4,0,1.5,2.54887218,2.95412844,2.507936508,3.5,4,2.532258065,3,3.5,1,1,2,2,2.5,4,3,1.5,1,0,2,2.523255814,2.81127451,1.5,2.5,2,2,3,1.5,2.901886792,2.5,3,3.295,2.584586466,2.971590909,3,2.838709677,2.805882353,3.458333333,3.421875,3.303571429,3.416666667,2.34375,4,2.858208955,1,2.34
2566,100282276,1,2.5,4,1,2,2.54887218,2.95412844,2.507936508,4,4,1,3.5,2.5,0,2.5,2,1.5,3,3.5,2.5,1.5,2,1.5,3,2.523255814,4,2.5,2.977040816,2,3,3,2,2.901886792,2.861111111,3,3.295,2.584586466,2.971590909,2,2.838709677,2.805882353,3.458333333,3.421875,3.303571429,3.5,2.34375,4,2.858208955,2,2.41
2566,100282279,1.5,2,4,2,3,2.54887218,3.5,2.507936508,3.60326087,3.844117647,2.5,3.5,3,1.5,3.5,2,2.5,2.5,3,2,1.5,2.5,1.5,3,2,2.81127451,2.5,2,2.5,2.5,3,2.5,2.901886792,2.861111111,4,3.295,2.584586466,2.971590909,2.5,3,2.805882353,3.458333333,3.421875,3.303571429,3.416666667,2.34375,4,2.858208955,2,2.6
2566,100282283,1.5,1.5,4,0,1,2.54887218,2.95412844,2.507936508,3.60326087,4,2,3,3.5,1.5,3,2.5,1.5,2,4,3,2.5,2,1.5,3,3,2.81127451,2.5,4,3,4,2.5,3,2.901886792,2.861111111,4,3.295,2.584586466,2.971590909,2.5,3,2.805882353,3.458333333,3.421875,3.303571429,3.416666667,2.34375,4,2.858208955,2,2.59
2566,100282291,1.5,1.5,4,0,2,2.54887218,2.95412844,2.507936508,3.60326087,4,2.532258065,2.5,4,1,2.5,1.5,1.5,2.5,3,2,1.5,2,2,3.5,2.523255814,2.81127451,2,2.5,2,2.5,3.5,2.5,2.901886792,2,3.120481928,3.295,2.584586466,2.971590909,4,2.5,2.805882353,3.458333333,3.421875,3.303571429,3.416666667,2.34375,4,2.858208955,2.5,2.47
2566,100282295,4,4,4,4,4,2.54887218,2.95412844,2.507936508,3.60326087,3.844117647,3,4,4,4,4,4,4,3,4,4,4,4,4,4,3,2.81127451,4,4,4,4,4,4,2.901886792,4,3.120481928,3.295,2.584586466,3.5,3.5,2.838709677,2.805882353,3.458333333,3.421875,3.303571429,3.416666667,2.34375,4,2.858208955,4,3.84
2566,100282300,1,0,4,0,1,2.54887218,1.5,2.507936508,4,3.844117647,1,3.5,3,1,1.5,2,1,3,2.5,2.5,1.5,1,0,2,1.5,2.81127451,1,2.5,1.5,2,3,2,2.901886792,2.861111111,3,3.295,2.584586466,2.971590909,2,2,2.805882353,3.458333333,3.421875,3.303571429,4,2.34375,4,2.858208955,1.5,2.07
2566,100282301,1,1,4,0,1,2.54887218,2.95412844,2.507936508,4,4,2.532258065,3,3.5,2,1.5,2.5,1.5,2.5,4,3.5,1.5,1.5,1,2.5,2.523255814,2.81127451,1,3,2,3,3,3,2.901886792,2,3,3.295,2.584586466,2.971590909,3,2.838709677,2.805882353,3.458333333,3.421875,3.303571429,3.416666667,2.34375,4,2.858208955,1.5,2.44
2566,100282306,1.5,2,4,1.5,2,2.54887218,2.95412844,2.507936508,4,4,2.532258065,3.5,3.5,1.5,1,3,2,2.5,4,3.5,1.5,2,1.5,3,2.523255814,2.81127451,2,3.5,3,2.5,3.5,2,2.901886792,2.5,3,3.295,2.584586466,2.971590909,2,2.5,2.805882353,3.458333333,3.421875,3.303571429,4,2.34375,4,2.858208955,2,2.68
2566,100282310,2.5,3.5,4,3,4,2.54887218,2.95412844,2.507936508,3.60326087,4,2.532258065,3.5,3.5,2.5,2.5,2.5,4,4,4,3,4,4,2.5,4,2.523255814,2.81127451,3,3,3.5,4,4,4,2.901886792,4,3.120481928,3.295,2.584586466,2.971590909,3,4,2.805882353,3.458333333,3.421875,3.303571429,3.416666667,2.34375,4,2.858208955,4,3.45
2566,100282312,1.5,2.5,4,1,2.5,2.54887218,2.95412844,2.507936508,3.60326087,3.844117647,2.532258065,2.5,3,2.5,2,2,2,1.5,3.5,3.5,2,3.5,2,4,2.5,2.81127451,2.5,2.977040816,2.5,3,3.5,3,2.901886792,2.861111111,3.120481928,3.295,2.584586466,2.971590909,2,3.5,2.805882353,3.458333333,3.421875,3.303571429,3.416666667,2.34375,3.5,2.858208955,3,2.59
2566,100282316,1.5,4,4,4,4,2.54887218,3,2.507936508,3.60326087,3.844117647,2.5,4,4,4,3,3,3,3,4,4,2.5,3.5,2,3.5,2,4,3,3.5,4,4,4,2.680645161,2.901886792,2.861111111,2,3.295,2.584586466,2.971590909,2,4,2.805882353,3.458333333,3.421875,3.303571429,3.416666667,2.34375,4,2.858208955,4,3.28
2566,100282328,2.5,4,4,2.5,4,2.54887218,2.95412844,2.507936508,4,4,2.532258065,3.5,3.5,2.5,2.5,3,4,2,4,3.5,2.5,2.5,2,3,2.523255814,2.81127451,2,3,3,3.5,3.5,3,2.901886792,4,3,3.295,2.584586466,2.971590909,3,2.838709677,2.805882353,4,3.421875,3.303571429,4,2.34375,4,2.858208955,4,3.22
2566,100282334,1.5,2.5,4,2,1,2.54887218,2.95412844,2.507936508,4,4,2.532258065,2.5,3.5,1.5,2,2.5,3.5,2,4,3,1.5,2.5,1,2.5,2.5,2.81127451,2.5,3,2.5,3.5,3.5,2.5,2.901886792,2.861111111,3.120481928,3.295,2.584586466,2.971590909,2,3.5,2.805882353,3.458333333,3.421875,3.303571429,3.5,2.34375,3.5,2.858208955,1.5,2.56
2566,100282344,1,1.5,4,1,1,2.54887218,2.95412844,2.507936508,3.60326087,4,1.5,4,3.5,1.5,1.5,2.5,1.5,2,4,2,1.5,2.5,1,2.5,2.523255814,1.5,1.5,3,2,3.5,3.5,2.680645161,2.901886792,2,3.5,3.295,2.584586466,2.971590909,2.5,2.838709677,2.805882353,4,3.421875,3.303571429,3.416666667,2.34375,4,2.858208955,1.5,2.34
2566,100282356,2.5,2,4,4,3.5,2.54887218,2.95412844,2.507936508,4,3.844117647,2.532258065,3,3.5,3,3.5,2,4,2.5,4,4,2.5,4,2,4,2.523255814,2,2,3,2,4,3,4,2.901886792,2.861111111,3.120481928,3.295,2.584586466,2.971590909,2.5,2.838709677,2.805882353,3.458333333,3.421875,3.303571429,4,2.34375,4,2.858208955,3.5,3.19
2566,100282359,2,2,4,1.5,2,2.54887218,2.95412844,2.507936508,4,4,2.532258065,2.5,3.5,2,2,2,1.5,3,3.5,3.5,1.5,1,2,2.5,2.523255814,1,2.5,3.5,3,2.5,3.5,2.680645161,2.901886792,2.5,3,3.295,2.584586466,2.971590909,2.5,2.5,2.805882353,3.458333333,3.421875,3.303571429,4,2.34375,4,2.858208955,2.5,2.68
2566,100282360,1,2,4,1,4,2.54887218,2.95412844,2.507936508,3.60326087,4,2.532258065,3,2.5,1.5,2.5,2,1.5,2,4,2,2.5,1.5,2,3,2.523255814,2.81127451,2.5,3,3,2.5,3.5,3,2.901886792,3,3.120481928,3.295,2.584586466,2.971590909,4,2,2.805882353,3.458333333,3.421875,3.303571429,3.416666667,2.34375,4,2.858208955,2,2.52
2565,100287192,0,2.5,4,2,1,2,2.95412844,2.507936508,3.60326087,3.844117647,3,2.709064327,2,2,4,1.5,2.5,2.5,4,2.790935673,1,2,2.5,3,2,2.81127451,2.773764259,2.977040816,4,2.5,3,2.5,2,2.861111111,3.120481928,4,2,2.971590909,1.5,2,2.805882353,3.458333333,3.421875,3.5,3.416666667,2.34375,3,2.858208955,2,2.51
